County,"Incorporated City 
or Town","Incorpora-
tion Date (1)","June 1,
1850","June 1,
1860","June 1, 
1870","June 1,
1880","Jun 1, 1890","June 1,
1900","April 15,
1910","Jan. 1,
1920","April 1,
1930","April 1,
1940","April 1,
1950","April 1,
1960","April 1,
1970","April 1,
1980","April 1,
1990","Apr 1, 2000","April 1,
2010",GeoID,sumlvl,county FIPS,Place ID
State of California,,1850,"92,597","379,994","560,247","864,694","1,213,398","1,485,053","2,377,549","3,426,861","5,677,251","6,907,387","10,586,223","15,717,204","19,971,069","23,667,764","29,760,021","33,871,653","37,253,956",4006000,40,6000,
,,,,,,,,,,,,,,,,,,,,,,,
Alameda,,1853,,"8,927","24,237","62,976","93,864","130,197","246,131","344,177","474,883","513,011","740,315","908,209","1,071,446","1,105,379","1,279,182","1,443,741","1,510,271",5006001,50,6001,
Alameda,Alameda,1854,,460,"1,557","5,708","11,165","16,464","23,383","28,806","35,033","36,256","64,430","63,855","70,968","63,852","76,459","72,259","73,812",1550600100562,155,6001,562
Alameda,Albany,1908,,,,,,,808,"2,462","8,569","11,493","17,590","14,804","14,674","15,130","16,327","16,444","18,539",1550600100674,155,6001,674
Alameda,Berkeley,1878,,,,,"5,101","13,214","40,434","56,036","82,109","85,547","113,805","111,268","116,716","103,328","102,724","102,743","112,580",1550600106000,155,6001,6000
Alameda,Dublin,1982,,,,,,,,,,,,,,"13,496","23,229","29,973","46,036",1550600120018,155,6001,20018
Alameda,Emeryville,1896,,,,,,"1,016","2,613","2,390","2,336","2,521","2,889","2,686","2,681","3,714","5,740","6,882","10,080",1550600122594,155,6001,22594
Alameda,Fremont,1956,,,,,,,,,,,,"43,790","100,869","131,945","173,339","203,413","214,089",1550600126000,155,6001,26000
Alameda,Hayward,1876,,,,"1,231","1,419","1,965","2,746","3,487","5,530","6,736","14,272","72,700","93,058","94,342","111,498","140,030","144,186",1550600133000,155,6001,33000
Alameda,Livermore,1876,,,,855,"1,391","1,493","2,030","1,916","3,119","2,885","4,364","16,058","37,703","48,349","56,741","73,345","80,968",1550600141992,155,6001,41992
Alameda,Newark,1955,,,,,,,,,,,,"9,884","27,153","32,126","37,861","42,471","42,573",1550600150916,155,6001,50916
Alameda,Oakland,1852,,"1,549","10,500","34,555","48,682","66,960","150,174","216,261","284,063","302,163","384,575","367,548","361,561","339,337","372,242","399,484","390,724",1550600153000,155,6001,53000
Alameda,Piedmont,1907,,,,,,,"1,719","4,282","9,333","9,866","10,132","11,117","10,917","10,498","10,602","10,952","10,667",1550600156938,155,6001,56938
Alameda,Pleasanton,1894,,,,,,"1,100","1,254",991,"1,237","1,278","2,244","4,203","18,328","35,160","50,553","63,654","70,285",1550600157792,155,6001,57792
Alameda,San Leandro,1872,,,,"1,369",n/a,"2,253","3,471","5,703","11,455","14,601","27,542","65,962","68,698","63,952","68,223","79,452","84,950",1550600168084,155,6001,68084
Alameda,Union City,1959,,,,,,,,,,,,"6,618","14,724","39,406","53,762","66,869","69,516",1550600181204,155,6001,81204
,,,,,,,,,,,,,,,,,,,,,,,
Alpine,,1864,,,685,539,667,509,309,243,241,323,241,397,484,"1,097","1,113","1,208","1,175",5006003,50,6003,
,,,,,,,,,,,,,,,,,,,,,,,
Amador,,1854,,"10,930","9,582","11,384","10,320","11,116","9,086","7,793","8,494","8,973","9,151","9,990","11,821","19,314","30,039","35,100","38,091",5006005,50,6005,
Amador,Amador City,1915,,,,,,,,377,171,249,151,202,156,136,196,196,185,1550600501514,155,6005,1514
Amador,Ione,1953,,,,,,,,,,,,"1,118","2,369","2,207","6,516","7,129","7,918",1550600536672,155,6005,36672
Amador,Jackson,1905,,,,,,,"2,035","1,601","2,005","2,024","1,879","1,852","1,924","2,331","3,545","3,989","4,651",1550600536980,155,6005,36980
Amador,Plymouth,1917,,,,,,,,657,343,460,382,489,501,699,811,980,"1,005",1550600557834,155,6005,57834
Amador,Sutter Creek,1913,,,,,,,,920,"1,013","1,134","1,151","1,161","1,508","1,705","1,835","2,303","2,501",1550600577392,155,6005,77392
,,,,,,,,,,,,,,,,,,,,,,,
Butte,,1850,"3,574","12,106","11,403","18,721","17,939","17,117","27,301","30,030","34,093","42,840","64,930","82,030","101,969","143,851","182,120","203,171","220,000",5006007,50,6007,
Butte,Biggs,1903,,,,,,,403,683,463,547,784,831,"1,115","1,413","1,581","1,793","1,707",1550600706560,155,6007,6560
Butte,Chico,1872,,,,"3,300","2,894","2,640","3,750","9,339","7,961","9,287","12,272","14,757","19,580","26,716","40,079","60,516","86,187",1550600713014,155,6007,13014
Butte,Gridley,1905,,,,,,,987,"1,636","1,941","2,338","3,054","3,343","3,534","3,982","4,631","5,382","6,584",1550600731260,155,6007,31260
Butte,Oroville,1906,,,,,,,"3,859","3,340","3,698","4,421","5,387","6,115","7,536","8,693","11,960","13,004","15,546",1550600754386,155,6007,54386
Butte,Paradise,1979,,,,,,,,,,,,,,"22,571","25,408","26,408","26,218",1550600755520,155,6007,55520
,,,,,,,,,,,,,,,,,,,,,,,
Calaveras,,1850,"16,884","16,299","8,895","9,094","8,882","11,200","9,171","6,183","6,008","8,221","9,902","10,289","13,585","20,710","31,998","40,554","45,578",5006009,50,6009,
Calaveras,Angels,1912,,,,,,,,941,915,"1,163","1,147","1,121","1,710","2,302","2,409","3,004","3,836",1550600902112,155,6009,2112
,,,,,,,,,,,,,,,,,,,,,,,
Colusa,,1850,115,"2,274","6,165","13,118","14,640","7,364","7,732","9,290","10,258","9,788","11,651","12,075","12,430","12,791","16,275","18,804","21,419",5006011,50,6011,
Colusa,Colusa,1868,,,"1,051","1,779","1,336","1,441","1,582","1,846","2,116","2,285","3,031","3,518","3,842","4,075","4,934","5,402","5,971",1550601114946,155,6011,14946
Colusa,Williams,1920,,,,,,,,,851,814,"1,134","1,370","1,571","1,658","2,297","3,670","5,123",1550601185586,155,6011,85586
,,,,,,,,,,,,,,,,,,,,,,,
Contra Costa,,1850,,"5,328","8,461","12,525","13,515","18,046","31,674","53,889","78,608","100,450","298,984","409,030","556,116","656,331","803,732","948,816","1,049,025",5006013,50,6013,
Contra Costa,Antioch,1872,,,,626,635,674,"1,124","1,936","3,563","5,106","11,051","17,305","28,060","42,683","62,195","90,532","102,372",1550601302252,155,6013,2252
Contra Costa,Brentwood,1948,,,,,,,,,,,"1,729","2,186","2,649","4,434","7,563","23,302","51,481",1550601308142,155,6013,8142
Contra Costa,Clayton,1964,,,,,,,,,,,,,"1,385","4,325","7,317","10,762","10,897",1550601313882,155,6013,13882
Contra Costa,Concord,1905,,,,,,,703,912,"1,125","1,373","6,953","36,208","85,164","103,763","111,348","121,780","122,067",1550601316000,155,6013,16000
Contra Costa,Danville,1982,,,,,,,,,,,,,,"26,446","31,306","41,715","42,039",1550601317988,155,6013,17988
Contra Costa,El Cerrito,1917,,,,,,,,"1,505","3,870","6,137","18,011","25,437","25,190","22,731","22,869","23,171","23,549",1550601321796,155,6013,21796
Contra Costa,Hercules,1900,,,,,,,279,373,392,343,343,310,252,"5,963","16,829","19,488","24,060",1550601333308,155,6013,33308
Contra Costa,Lafayette,1968,,,,,,,,,,,,,"20,484","20,837","23,501","23,908","23,893",1550601339122,155,6013,39122
Contra Costa,Martinez,1876,,,,n/a,"1,600","1,380","2,115","3,858","6,569","7,381","8,268","9,604","16,506","22,582","31,808","35,866","35,824",1550601346114,155,6013,46114
Contra Costa,Moraga,1974,,,,,,,,,,,,,,"15,014","15,852","16,290","16,016",1550601349187,155,6013,49187
Contra Costa,Oakley,1999,,,,,,,,,,,,,,,,"25,619","35,432",1550601353070,155,6013,53070
Contra Costa,Orinda,1985,,,,,,,,,,,,,,,"16,642","17,599","17,643",1550601354232,155,6013,54232
Contra Costa,Pinole,1903,,,,,,,798,967,781,934,"1,147","6,064","13,266","14,253","17,460","19,039","18,390",1550601357288,155,6013,57288
Contra Costa,Pittsburg,1903,,,,,,,"2,372","4,715","9,610","9,520","12,763","19,062","20,651","33,465","47,564","56,769","63,264",1550601357456,155,6013,57456
Contra Costa,Pleasant Hill,1961,,,,,,,,,,,,,"24,610","25,547","31,585","32,837","33,152",1550601357764,155,6013,57764
Contra Costa,Richmond,1905,,,,,,,"6,802","16,843","20,093","23,642","99,545","71,854","79,043","74,676","87,425","99,216","103,701",1550601360620,155,6013,60620
Contra Costa,San Pablo,1948,,,,,,,,,,,"14,476","19,687","21,461","19,750","25,158","30,215","29,139",1550601368294,155,6013,68294
Contra Costa,San Ramon,1983,,,,,,,,,,,,,,,"35,303","44,722","72,148",1550601368378,155,6013,68378
Contra Costa,Walnut Creek,1914,,,,,,,,538,"1,014","1,578","2,420","9,903","39,844","53,490","60,569","64,296","64,173",1550601383346,155,6013,83346
,,,,,,,,,,,,,,,,,,,,,,,
Del Norte,,1857,,"1,993","2,022","2,584","2,592","2,408","2,417","2,759","4,739","4,745","8,078","17,771","14,580","18,217","23,460","27,507","28,610",5006015,50,6015,
Del Norte,Crescent City,1854,,638,458,n/a,907,699,"1,114",955,"1,720","1,363","1,706","2,958","2,586","3,075","4,380","7,347","7,643",1550601517022,155,6015,17022
,,,,,,,,,,,,,,,,,,,,,,,
El Dorado,,1850,"20,057","20,562","10,309","10,683","9,232","8,986","7,492","6,426","8,325","13,229","16,207","29,390","43,833","85,812","125,995","156,299","181,058",5006017,50,6017,
El Dorado,Placerville,1854,,"2,466","1,562","1,951","1,690","1,748","1,914","1,650","2,322","3,064","3,749","4,439","5,416","6,739","8,355","9,610","10,389",1550601757540,155,6017,57540
El Dorado,South Lake Tahoe,1965,,,,,,,,,,,,,"12,921","20,681","21,586","23,609","21,403",1550601773108,155,6017,73108
,,,,,,,,,,,,,,,,,,,,,,,
Fresno,,1856,,"4,605","6,336","9,478","32,026","37,862","75,657","128,779","144,379","178,565","276,515","365,945","413,329","514,621","667,490","799,407","930,450",5006019,50,6019,
Fresno,Clovis,1912,,,,,,,,"1,157","1,316","1,626","2,766","5,546","13,856","33,021","50,323","68,468","95,631",1550601914218,155,6019,14218
Fresno,Coalinga,1906,,,,,,,"4,199","2,934","2,851","5,026","5,539","5,965","6,161","6,593","8,212","16,213","13,380",1550601914274,155,6019,14274
Fresno,Firebaugh,1914,,,,,,,,n/a,506,704,821,"2,070","2,517","3,740","4,429","5,743","7,549",1550601924134,155,6019,24134
Fresno,Fowler,1908,,,,,,,675,"1,528","1,171","1,531","1,857","1,892","2,239","2,496","3,208","3,979","5,570",1550601925436,155,6019,25436
Fresno,Fresno,1885,,,,,"10,818","12,470","24,892","45,086","52,513","60,685","91,669","133,929","165,655","217,129","354,202","427,652","494,665",1550601927000,155,6019,27000
Fresno,Huron,1951,,,,,,,,,,,,"1,269","1,525","2,768","4,766","6,306","6,754",1550601936084,155,6019,36084
Fresno,Kerman,1946,,,,,,,,,,,"1,563","1,970","2,667","4,002","5,448","8,551","13,544",1550601938226,155,6019,38226
Fresno,Kingsburg,1908,,,,,,,634,"1,316","1,322","1,504","2,310","3,093","3,843","5,115","7,205","9,199","11,382",1550601938562,155,6019,38562
Fresno,Mendota,1942,,,,,,,,,,,"1,516","2,099","2,705","5,038","6,821","7,890","11,014",1550601946828,155,6019,46828
Fresno,Orange Cove,1948,,,,,,,,,,,"2,395","2,885","3,392","4,026","5,604","7,722","9,078",1550601954008,155,6019,54008
Fresno,Parlier,1921,,,,,,,,,564,776,"1,419","1,366","1,993","2,902","7,938","11,145","14,494",1550601955856,155,6019,55856
Fresno,Reedley,1913,,,,,,,,"2,447","2,589","3,170","4,135","5,850","8,131","11,071","15,791","20,756","24,194",1550601960242,155,6019,60242
Fresno,San Joaquin,1920,,,,,,,,,163,240,632,879,"1,506","1,930","2,311","3,270","4,001",1550601967126,155,6019,67126
Fresno,Sanger,1911,,,,,,,,"2,578","2,967","4,017","6,400","8,072","10,088","12,542","16,839","18,931","24,270",1550601967056,155,6019,67056
Fresno,Selma,1893,,,,,,"1,083","1,750","3,158","3,047","3,667","5,964","6,934","7,459","10,942","14,757","19,444","23,219",1550601970882,155,6019,70882
,,,,,,,,,,,,,,,,,,,,,,,
Glenn,,1891,,,,,,"5,150","7,172","11,853","10,935","12,195","15,448","17,245","17,521","21,350","24,798","26,453","28,122",5006021,50,6021,
Glenn,Orland,1909,,,,,,,836,"1,582","1,195","1,366","2,067","2,534","2,884","4,031","5,052","6,281","7,291",1550602154274,155,6021,54274
Glenn,Willows,1886,,,,,"1,176",893,"1,139","2,190","2,024","2,215","3,019","4,139","4,085","4,777","5,988","6,220","6,166",1550602185684,155,6021,85684
,,,,,,,,,,,,,,,,,,,,,,,
Humboldt,,1853,,"2,694","6,140","15,512","23,469","27,104","33,857","37,413","43,233","45,812","69,241","104,892","99,692","108,525","119,118","126,518","134,623",5006023,50,6023,
Humboldt,Arcata,1858,,n/a,n/a,702,962,952,"1,121","1,486","1,709","1,855","3,729","5,235","8,985","12,850","15,197","16,651","17,231",1550602302476,155,6023,2476
Humboldt,Blue Lake,1910,,,,,,,507,441,555,503,824,"1,234","1,112","1,201","1,235","1,135","1,253",1550602307162,155,6023,7162
Humboldt,Eureka,1856,,n/a,n/a,"2,639","4,858","7,327","11,845","12,923","15,752","17,055","23,058","28,137","24,337","24,153","27,025","26,128","27,191",1550602323042,155,6023,23042
Humboldt,Ferndale,1893,,,,,,846,905,919,889,901,"1,032","1,371","1,352","1,367","1,331","1,382","1,371",1550602323910,155,6023,23910
Humboldt,Fortuna,1906,,,,,,,883,986,"1,239","1,413","1,762","3,523","4,203","7,591","8,788","10,497","11,926",1550602325296,155,6023,25296
Humboldt,Rio Dell,1965,,,,,,,,,,,,,"2,817","2,687","3,012","3,174","3,368",1550602360900,155,6023,60900
Humboldt,Trinidad,1870,,,,104,n/a,n/a,n/a,n/a,107,94,188,289,300,379,362,311,367,1550602380448,155,6023,80448
,,,,,,,,,,,,,,,,,,,,,,,
Imperial,,1907,,,,,,,"13,591","43,453","60,903","59,740","62,975","72,105","74,492","92,110","109,303","142,361","174,528",5006025,50,6025,
Imperial,Brawley,1908,,,,,,,881,"5,389","10,439","11,718","11,922","12,703","13,746","14,946","18,923","22,052","24,953",1550602508058,155,6025,8058
Imperial,Calexico,1908,,,,,,,797,"6,223","6,299","5,415","6,433","7,992","10,625","14,412","18,633","27,109","38,572",1550602509710,155,6025,9710
Imperial,Calipatria,1919,,,,,,,,785,"1,554","1,799","1,428","2,548","1,824","2,636","2,690","7,289","7,705",1550602509878,155,6025,9878
Imperial,El Centro,1908,,,,,,,"1,610","5,464","8,434","10,017","12,590","16,811","19,272","23,996","31,384","37,835","42,598",1550602521782,155,6025,21782
Imperial,Holtville,1908,,,,,,,729,"1,347","1,758","1,772","2,472","3,080","3,496","4,399","4,820","5,612","5,939",1550602534246,155,6025,34246
Imperial,Imperial,1904,,,,,,,"1,257","1,885","1,943","1,493","1,759","2,658","3,094","3,451","4,113","7,560","14,758",1550602536280,155,6025,36280
Imperial,Westmorland,1934,,,,,,,,,,"1,010","1,213","1,404","1,175","1,590","1,380","2,131","2,225",1550602584606,155,6025,84606
,,,,,,,,,,,,,,,,,,,,,,,
Inyo,,1866,,,"1,956","2,928","3,544","4,377","6,974","7,031","6,555","7,625","11,658","11,684","15,571","17,895","18,281","17,945","18,546",5006027,50,6027,
Inyo,Bishop,1903,,,,,,,"1,190","1,304","1,159","1,490","2,891","2,875","3,498","3,333","3,475","3,575","3,879",1550602706798,155,6027,6798
,,,,,,,,,,,,,,,,,,,,,,,
Kern,,1866,,,"2,925","5,601","9,808","16,480","37,715","54,843","82,570","135,124","228,309","291,984","330,234","403,089","543,477","661,645","839,631",5006029,50,6029,
Kern,Arvin,1960,,,,,,,,,,,,,"5,199","6,863","9,286","12,956","19,304",1550602902924,155,6029,2924
Kern,Bakersfield,"i. 1873/ 
d.1876/ 
ri. 1898",,,,,,"4,836","12,727","18,638","26,015","29,252","34,784","56,848","69,515","105,611","174,820","246,889","347,483",1550602903526,155,6029,3526
Kern,California City,1965,,,,,,,,,,,,,"1,309","2,743","5,955","8,385","14,120",1550602909780,155,6029,9780
Kern,Delano,1915,,,,,,,,805,"2,632","4,573","8,717","11,913","14,559","16,491","22,762","39,489","53,041",1550602918394,155,6029,18394
Kern,Maricopa,1911,,,,,,,,"1,121","1,071",670,800,648,740,946,"1,193","1,111","1,154",1550602945736,155,6029,45736
Kern,McFarland,1957,,,,,,,,,,,,"3,686","4,177","5,151","7,005","9,837","12,707",1550602944826,155,6029,44826
Kern,McKittrick,"i. 1911/ 
d.1927",,,,,,,,207,,,,,,,,,,15506029XXXXX,155,6029,XXXXX
Kern,Ridgecrest,1963,,,,,,,,,,,,,"7,629","15,929","27,725","24,927","27,616",1550602960704,155,6029,60704
Kern,Shafter,1938,,,,,,,,,,"1,258","2,207","4,576","5,327","7,010","8,409","12,736","16,988",1550602971106,155,6029,71106
Kern,Taft,1910,,,,,,,,"3,317","3,442","3,205","3,707","3,822","4,285","5,316","5,902","8,811","9,327",1550602977574,155,6029,77574
Kern,Tehachapi,1909,,,,,,,385,458,736,"1,264","1,685","3,161","4,211","4,126","5,791","11,125","14,414",1550602978092,155,6029,78092
Kern,Wasco,1945,,,,,,,,,,,"5,592","6,841","8,269","9,613","12,412","21,263","25,545",1550602983542,155,6029,83542
,,,,,,,,,,,,,,,,,,,,,,,
Kings,,1893,,,,,,"9,871","16,230","22,031","25,385","35,168","46,768","49,954","66,717","73,738","101,469","129,461","152,982",5006031,50,6031,
Kings,Avenal,1979,,,,,,,,,,,,,,"4,137","9,770","14,674","15,505",1550603103302,155,6031,3302
Kings,Corcoran,1914,,,,,,,,"1,101","1,768","2,092","3,150","4,976","5,249","6,454","13,364","20,835","24,813",1550603116224,155,6031,16224
Kings,Hanford,1891,,,,,,"2,929","4,829","5,888","7,028","8,234","10,028","10,133","15,179","20,958","30,897","41,686","53,967",1550603131960,155,6031,31960
Kings,Lemoore,1900,,,,,,,"1,000","1,355","1,399","1,711","2,153","2,561","4,219","8,832","13,622","19,712","24,531",1550603141152,155,6031,41152
,,,,,,,,,,,,,,,,,,,,,,,
Klamath ,,"1851 
d. 1875",,"1,803","1,686",,,,,,,,,,,,,,,05006XXX,50,,
,,,,,,,,,,,,,,,,,,,,,,,
Lake,,1861,,,"2,969","6,596","7,101","6,017","5,526","5,402","7,166","8,069","11,481","13,786","19,548","36,366","50,631","58,309","64,665",5006033,50,6033,
Lake,Clearlake,1980,,,,,,,,,,,,,,,,"13,142","15,250",1550603313945,155,6033,13945
Lake,Kelseyville,"i. ~1882/ 
d.1902",,,,,282,n/a,,,,,,,,,,,,15506033XXXXX,155,6033,XXXXX
Lake,Lakeport,1888,,,,,991,726,870,"1,024","1,318","1,490","1,983","2,303","3,005","3,675","4,390","4,820","4,753",1550603339710,155,6033,39710
,,,,,,,,,,,,,,,,,,,,,,,
Lassen,,1864,,,"1,327","3,340","4,239","4,511","4,802","8,507","12,589","14,479","18,474","13,597","16,796","21,661","27,598","33,828","34,895",5006035,50,6035,
Lassen,Susanville,1900,,,,,,,688,918,"1,358","1,575","5,338","5,598","6,608","6,520","7,279","17,428","17,947",1550603577364,155,6035,77364
,,,,,,,,,,,,,,,,,,,,,,,
Los Angeles,,1850,"3,530","11,333","15,309","33,381","101,454","170,298","504,131","936,455","2,208,492","2,785,643","4,151,687","6,038,771","7,041,980","7,477,238","8,863,164","9,519,338","9,818,605",5006037,50,6037,
Los Angeles,Agoura Hills,1982,,,,,,,,,,,,,,,"20,390","20,537","20,330",1550603700394,155,6037,394
Los Angeles,Alhambra,1903,,,,,,,"5,021","9,096","29,472","38,935","51,359","54,807","62,125","64,767","82,106","85,804","83,089",1550603700884,155,6037,884
Los Angeles,Arcadia,1903,,,,,,,696,"2,239","5,216","9,122","23,066","41,005","45,138","45,993","48,290","53,054","56,364",1550603702462,155,6037,2462
Los Angeles,Artesia,1959,,,,,,,,,,,,"9,993","14,757","14,301","15,464","16,380","16,522",1550603702896,155,6037,2896
Los Angeles,Avalon,1913,,,,,,,,586,"1,897","1,637","1,506","1,536","1,520","2,022","2,918","3,127","3,728",1550603703274,155,6037,3274
Los Angeles,Azusa,1898,,,,,,863,"1,477","2,460","4,808","5,209","11,042","20,497","25,217","29,380","41,333","44,712","46,361",1550603703386,155,6037,3386
Los Angeles,Baldwin Park,1956,,,,,,,,,,,,"33,951","47,285","50,554","69,330","75,837","75,390",1550603703666,155,6037,3666
Los Angeles,Bell,1927,,,,,,,,,"7,884","11,264","15,430","19,450","21,836","25,450","34,365","36,664","35,477",1550603704870,155,6037,4870
Los Angeles,Bell Gardens,1961,,,,,,,,,,,,,"29,308","34,117","42,355","44,054","42,072",1550603704996,155,6037,4996
Los Angeles,Bellflower,1957,,,,,,,,,,,,"45,909","52,334","53,441","61,815","72,878","76,616",1550603704982,155,6037,4982
Los Angeles,Beverly Hills,1914,,,,,,,,674,"17,429","26,823","29,032","30,817","33,416","32,646","31,971","33,784","34,109",1550603706308,155,6037,6308
Los Angeles,Bradbury,1957,,,,,,,,,,,,618,838,846,829,855,"1,048",1550603707946,155,6037,7946
Los Angeles,Burbank,1911,,,,,,,,"2,913","16,662","34,337","78,577","90,155","88,871","84,625","93,643","100,316","103,340",1550603708954,155,6037,8954
Los Angeles,Calabasas,1991,,,,,,,,,,,,,,,,"21,356","23,058",1550603709598,155,6037,9598
Los Angeles,Carson,1968,,,,,,,,,,,,,"71,150","81,221","83,995","89,730","91,714",1550603711530,155,6037,11530
Los Angeles,Cerritos,1956,,,,,,,,,,,,"3,508","15,856","53,020","53,240","51,488","49,041",1550603712552,155,6037,12552
Los Angeles,Claremont,1907,,,,,,,"1,114","1,728","2,719","3,057","6,327","12,633","23,998","31,028","32,503","33,998","34,926",1550603713756,155,6037,13756
Los Angeles,Commerce,1960,,,,,,,,,,,,"9,555","10,635","10,509","12,135","12,568","12,823",1550603714974,155,6037,14974
Los Angeles,Compton,1888,,,,,636,n/a,922,"1,478","12,516","16,198","47,991","71,812","78,547","81,347","90,454","93,493","96,455",1550603715044,155,6037,15044
Los Angeles,Covina,1901,,,,,,,"1,652","1,999","2,774","3,049","3,956","20,124","30,395","32,746","43,207","46,837","47,796",1550603716742,155,6037,16742
Los Angeles,Cudahy,1960,,,,,,,,,,,,,"16,998","18,275","22,817","24,208","23,805",1550603717498,155,6037,17498
Los Angeles,Culver City,1917,,,,,,,,503,"5,669","8,976","19,720","32,163","34,451","38,139","38,793","38,816","38,883",1550603717568,155,6037,17568
Los Angeles,Diamond Bar,1989,,,,,,,,,,,,,,,"53,672","56,287","55,544",1550603719192,155,6037,19192
Los Angeles,Downey,1956,,,,,,,,,,,,"82,505","88,573","82,602","91,444","107,323","111,772",1550603719766,155,6037,19766
Los Angeles,Duarte,1957,,,,,,,,,,,,"13,962","14,981","16,766","20,688","21,486","21,321",1550603719990,155,6037,19990
Los Angeles,El Monte,1912,,,,,,,,"1,283","3,479","4,746","8,101","13,163","69,892","79,494","106,209","115,965","113,475",1550603722230,155,6037,22230
Los Angeles,El Segundo,1917,,,,,,,,"1,563","3,503","3,738","8,011","14,219","15,620","13,752","15,223","16,033","16,654",1550603722412,155,6037,22412
Los Angeles,Gardena,1930,,,,,,,,,,"5,909","14,405","35,943","41,021","45,165","49,847","57,746","58,829",1550603728168,155,6037,28168
Los Angeles,Glendale,1906,,,,,,,"2,746","13,536","62,736","82,582","95,702","119,442","132,664","139,060","180,038","194,973","191,719",1550603730000,155,6037,30000
Los Angeles,Glendora,1911,,,,,,,,"2,028","2,761","2,822","3,988","20,752","31,380","38,500","47,828","49,415","50,073",1550603730014,155,6037,30014
Los Angeles,Hawaiian Gardens,1964,,,,,,,,,,,,,"9,052","10,548","13,639","14,779","14,254",1550603732506,155,6037,32506
Los Angeles,Hawthorne,1922,,,,,,,,,"6,596","8,263","16,316","33,035","53,304","56,437","71,349","84,112","84,293",1550603732548,155,6037,32548
Los Angeles,Hermosa Beach,1907,,,,,,,679,"2,327","4,796","7,197","11,826","16,115","17,412","18,070","18,219","18,566","19,506",1550603733364,155,6037,33364
Los Angeles,Hidden Hills,1961,,,,,,,,,,,,,"1,529","1,760","1,729","1,875","1,856",1550603733518,155,6037,33518
Los Angeles,Huntington Park,1906,,,,,,,"1,299","4,513","24,591","28,648","29,450","29,920","33,744","45,932","56,065","61,348","58,114",1550603736056,155,6037,36056
Los Angeles,Industry,1957,,,,,,,,,,,,778,712,412,631,777,219,1550603736490,155,6037,36490
Los Angeles,Inglewood,1908,,,,,,,"1,536","3,286","19,480","30,114","46,185","63,390","89,985","94,162","109,602","112,580","109,673",1550603736546,155,6037,36546
Los Angeles,Irwindale,1957,,,,,,,,,,,,"1,518",784,"1,030","1,050","1,446","1,422",1550603736826,155,6037,36826
Los Angeles,La Ca√±ada Flintridge,1976,,,,,,,,,,,,,,"20,153","19,378","20,318","20,246",1550603739003,155,6037,39003
Los Angeles,La Habra Heights,1978,,,,,,,,,,,,,,"4,786","6,226","5,712","5,325",1550603739304,155,6037,39304
Los Angeles,La Mirada,1960,,,,,,,,,,,,"22,444","30,808","40,986","40,452","46,783","48,527",1550603740032,155,6037,40032
Los Angeles,La Puente,1956,,,,,,,,,,,,"24,723","31,092","30,882","36,955","41,063","39,816",1550603740340,155,6037,40340
Los Angeles,La Verne,1906,,,,,,,954,"1,698","2,860","3,092","4,198","6,516","12,965","23,508","30,897","31,638","31,063",1550603740830,155,6037,40830
Los Angeles,Lakewood,1954,,,,,,,,,,,,"67,126","83,025","74,654","73,557","79,345","80,048",1550603739892,155,6037,39892
Los Angeles,Lancaster,1977,,,,,,,,,,,,,,"48,027","97,291","118,718","156,633",1550603740130,155,6037,40130
Los Angeles,Lawndale,1959,,,,,,,,,,,,"21,740","24,825","23,460","27,331","31,711","32,769",1550603740886,155,6037,40886
Los Angeles,Lomita,1964,,,,,,,,,,,,,"19,784","18,807","19,382","20,046","20,256",1550603742468,155,6037,42468
Los Angeles,Long Beach,"i. 1888/ d.1896/ 
ri. 1897",,,,,564,"2,252","17,809","55,593","142,032","164,271","250,767","344,168","358,879","361,355","429,433","461,522","462,257",1550603743000,155,6037,43000
Los Angeles,Los Angeles,1850,"1,610","4,385","5,728","11,183","50,395","102,479","319,198","576,673","1,238,048","1,504,277","1,970,358","2,479,015","2,811,801","2,968,579","3,485,398","3,694,742","3,792,621",1550603744000,155,6037,44000
Los Angeles,Lynwood,1921,,,,,,,,,"7,323","10,982","25,823","31,614","43,354","48,409","61,945","69,845","69,772",1550603744574,155,6037,44574
Los Angeles,Malibu,1991,,,,,,,,,,,,,,,,"12,575","12,645",1550603745246,155,6037,45246
Los Angeles,Manhattan Beach,1912,,,,,,,,859,"1,891","6,398","17,330","33,934","35,352","31,542","32,063","33,852","35,135",1550603745400,155,6037,45400
Los Angeles,Maywood,1924,,,,,,,,,"6,794","10,731","13,292","14,588","16,996","21,810","27,850","28,083","27,395",1550603746492,155,6037,46492
Los Angeles,Monrovia,1887,,,,,907,"1,205","3,576","5,480","10,890","12,807","20,186","27,079","30,562","30,531","35,761","36,929","36,590",1550603748648,155,6037,48648
Los Angeles,Montebello,1920,,,,,,,,,"5,498","8,016","21,735","32,097","42,807","52,929","59,564","62,150","62,500",1550603748816,155,6037,48816
Los Angeles,Monterey Park,1916,,,,,,,,"4,108","6,406","8,531","20,395","37,821","49,166","54,338","60,738","60,051","60,269",1550603748914,155,6037,48914
Los Angeles,Norwalk,1957,,,,,,,,,,,,"88,739","90,164","84,901","94,279","104,323","105,549",1550603752526,155,6037,52526
Los Angeles,Palmdale,1962,,,,,,,,,,,,,"8,511","12,277","68,842","116,670","152,750",1550603755156,155,6037,55156
Los Angeles,Palos Verdes Estates,1939,,,,,,,,,,987,"1,963","9,564","13,631","14,376","13,512","13,340","13,438",1550603755380,155,6037,55380
Los Angeles,Paramount,1957,,,,,,,,,,,,"27,249","34,734","36,407","47,669","55,266","54,098",1550603755618,155,6037,55618
Los Angeles,Pasadena,1886,,,,,"4,882","9,117","30,291","45,354","76,086","81,864","104,577","116,407","112,951","118,072","131,591","133,936","137,122",1550603756000,155,6037,56000
Los Angeles,Pico Rivera,1958,,,,,,,,,,,,"49,150","54,170","53,387","59,177","63,428","62,942",1550603756924,155,6037,56924
Los Angeles,Pomona,1888,,,,,"3,634","5,526","10,207","13,505","20,804","23,539","35,405","67,157","87,384","92,742","131,723","149,473","149,058",1550603758072,155,6037,58072
Los Angeles,Rancho Palos Verdes,1973,,,,,,,,,,,,,,"36,577","41,659","41,145","41,643",1550603759514,155,6037,59514
Los Angeles,Redondo Beach,1892,,,,,,855,"2,935","4,913","9,347","13,092","25,226","46,986","57,451","57,102","60,167","63,261","66,748",1550603760018,155,6037,60018
Los Angeles,Rolling Hills,1957,,,,,,,,,,,,"1,664","2,050","2,049","1,871","1,871","1,860",1550603762602,155,6037,62602
Los Angeles,Rolling Hills Estates,1957,,,,,,,,,,,,"3,941","6,735","7,701","7,789","7,676","8,067",1550603762644,155,6037,62644
Los Angeles,Rosemead,1959,,,,,,,,,,,,"15,476","40,972","42,604","51,638","53,505","53,764",1550603762896,155,6037,62896
Los Angeles,San Dimas,1960,,,,,,,,,,,,,"15,692","24,014","32,397","34,980","33,371",1550603766070,155,6037,66070
Los Angeles,San Fernando,1911,,,,,,,,"3,204","7,567","9,094","12,922","16,093","16,571","17,731","22,580","23,564","23,645",1550603766140,155,6037,66140
Los Angeles,San Gabriel,1913,,,,,,,,"2,640","7,224","11,867","20,343","22,561","29,336","30,072","37,120","39,804","39,718",1550603767042,155,6037,67042
Los Angeles,San Marino,1913,,,,,,,,584,"3,730","8,175","11,230","13,658","14,177","13,307","12,959","12,945","13,147",1550603768224,155,6037,68224
Los Angeles,Santa Clarita,1987,,,,,,,,,,,,,,,"110,642","151,088","176,320",1550603769088,155,6037,69088
Los Angeles,Santa Fe Springs,1957,,,,,,,,,,,,"16,342","14,750","14,520","15,520","16,413","16,223",1550603769154,155,6037,69154
Los Angeles,Santa Monica,1886,,,,,"1,580","3,057","7,847","15,252","37,146","53,500","71,595","83,249","88,289","88,314","86,905","84,084","89,736",1550603770000,155,6037,70000
Los Angeles,Sierra Madre,1907,,,,,,,"1,303","2,026","3,550","4,581","7,273","9,732","12,140","10,837","10,762","10,578","10,917",1550603771806,155,6037,71806
Los Angeles,Signal Hill,1924,,,,,,,,,"2,932","3,184","4,040","4,627","5,588","5,734","8,371","9,333","11,016",1550603771876,155,6037,71876
Los Angeles,South El Monte,1958,,,,,,,,,,,,"4,850","13,443","16,623","20,850","21,144","20,116",1550603772996,155,6037,72996
Los Angeles,South Gate,1923,,,,,,,,,"19,632","26,945","51,116","53,831","56,909","66,784","86,284","96,375","94,396",1550603773080,155,6037,73080
Los Angeles,South Pasadena,1888,,,,,623,"1,001","4,649","7,652","13,730","14,356","16,935","19,706","22,979","22,681","23,936","24,292","25,619",1550603773220,155,6037,73220
Los Angeles,Temple City,1960,,,,,,,,,,,,"31,838","31,034","28,972","31,100","33,377","35,558",1550603778148,155,6037,78148
Los Angeles,Torrance,1921,,,,,,,,,"7,271","9,950","22,241","100,991","134,968","129,881","133,107","137,946","145,438",1550603780000,155,6037,80000
Los Angeles,Vernon,1905,,,,,,,772,"1,005","1,269",850,432,229,261,90,152,91,112,1550603782422,155,6037,82422
Los Angeles,Walnut,1959,,,,,,,,,,,,934,"5,992","12,478","29,105","30,004","29,172",1550603783332,155,6037,83332
Los Angeles,West Covina,1923,,,,,,,,,769,"1,072","4,499","50,645","68,034","81,292","96,086","105,080","106,098",1550603784200,155,6037,84200
Los Angeles,West Hollywood,1984,,,,,,,,,,,,,,,"36,118","35,794","34,399",1550603784410,155,6037,84410
Los Angeles,Westlake Village,1981,,,,,,,,,,,,,,,"7,455","8,368","8,270",1550603784438,155,6037,84438
Los Angeles,Whittier,1898,,,,,,"1,590","4,550","7,997","14,822","16,115","23,433","33,663","72,863","68,558","77,671","83,680","85,331",1550603785292,155,6037,85292
,,,,,,,,,,,,,,,,,,,,,,,
Madera,,1893,,,,,,"6,364","8,368","12,203","17,164","23,314","36,964","40,468","41,519","63,116","88,090","123,109","150,865",5006039,50,6039,
Madera,Chowchilla,1923,,,,,,,,,847,"1,957","3,893","4,525","4,349","5,122","5,930","14,416","18,720",1550603913294,155,6039,13294
Madera,Madera,1907,,,,,,,"2,404","3,444","4,665","6,457","10,497","14,430","16,044","21,732","29,281","43,207","61,416",1550603945022,155,6039,45022
,,,,,,,,,,,,,,,,,,,,,,,
Marin,,1850,323,"3,334","6,903","11,324","13,072","15,702","25,114","27,342","41,648","52,907","85,619","146,820","208,652","222,592","230,096","247,289","252,409",5006041,50,6041,
Marin,Belvedere,1896,,,,,,434,481,616,500,457,800,"2,148","2,599","2,401","2,147","2,125","2,068",1550604105164,155,6041,5164
Marin,Corte Madera,1916,,,,,,,,607,"1,027","1,098","1,933","5,962","8,464","8,074","8,272","9,100","9,253",1550604116462,155,6041,16462
Marin,Fairfax,1931,,,,,,,,,,"2,198","4,078","5,813","7,661","7,391","6,931","7,319","7,441",1550604123168,155,6041,23168
Marin,Larkspur,1908,,,,,,,594,612,"1,241","1,558","2,905","5,710","10,487","11,064","11,070","12,014","11,926",1550604140438,155,6041,40438
Marin,Mill Valley,1900,,,,,,,"2,551","2,554","4,164","4,847","7,331","10,411","12,942","12,967","13,038","13,600","13,903",1550604147710,155,6041,47710
Marin,Novato,1960,,,,,,,,,,,,"17,881","31,006","43,916","47,585","47,630","51,904",1550604152582,155,6041,52582
Marin,Ross,1908,,,,,,,556,727,"1,355","1,751","2,179","2,551","2,742","2,801","2,123","2,329","2,415",1550604162980,155,6041,62980
Marin,San Anselmo,1907,,,,,,,"1,531","2,475","4,650","5,790","9,188","11,584","13,031","12,067","11,743","12,378","12,336",1550604164434,155,6041,64434
Marin,San Rafael,1874,,,,"2,276","3,290","3,879","5,934","5,512","8,022","8,573","13,848","20,460","38,977","44,700","48,404","56,063","57,713",1550604168364,155,6041,68364
Marin,Sausalito,1893,,,,,,"1,628","2,383","2,790","3,667","3,540","4,828","5,331","6,158","7,338","7,152","7,330","7,061",1550604170364,155,6041,70364
Marin,Tiburon,1964,,,,,,,,,,,,,"6,209","6,685","7,532","8,666","8,962",1550604178666,155,6041,78666
,,,,,,,,,,,,,,,,,,,,,,,
Mariposa,,1850,"4,379","6,243","4,572","4,339","3,787","4,720","3,956","2,775","3,233","5,605","5,145","5,064","6,015","11,108","14,302","17,130","18,251",5006043,50,6043,
Mariposa,Hornitos,"i. 1870/ 
d.1973",,,,350,276,205,160,100,62,159,126,73,,,,,,15506043XXXXX,155,6043,XXXXX
,,,,,,,,,,,,,,,,,,,,,,,
Mendocino,,1850,55,"3,967","7,545","12,800","17,612","20,465","23,929","24,116","23,505","27,864","40,854","51,059","51,101","66,738","80,345","86,265","87,841",5006045,50,6045,
Mendocino,Fort Bragg,1889,,,,,,"1,590","2,408","2,616","3,022","3,235","3,826","4,433","4,455","5,019","6,078","6,814","7,273",1550604525058,155,6045,25058
Mendocino,Point Arena,1908,,,,,,,497,394,385,374,372,596,424,425,407,474,449,1550604557876,155,6045,57876
Mendocino,Potter Valley,"i. 1870/ 
d.1926",,,n/a,n/a,n/a,563,576,512,,,,,,,,,,15506045XXXXX,155,6045,XXXXX
Mendocino,Ukiah,1876,,,,933,"1,627","1,850","2,136","2,305","3,124","3,731","6,120","9,900","10,095","12,035","14,599","15,497","16,075",1550604581134,155,6045,81134
Mendocino,Willits,1888,,,,,815,791,"1,153","1,468","2,691","1,625","2,691","3,410","3,091","4,008","5,027","5,073","4,888",1550604585600,155,6045,85600
,,,,,,,,,,,,,,,,,,,,,,,
Merced,,1855,,"1,141","2,807","5,656","8,085","9,215","15,148","24,579","36,748","46,988","69,780","90,446","104,629","134,558","178,403","210,554","255,793",5006047,50,6047,
Merced,Atwater,1922,,,,,,,,,917,"1,235","2,856","7,318","11,640","17,530","22,282","23,113","28,168",1550604703162,155,6047,3162
Merced,Dos Palos,1935,,,,,,,,,,978,"1,394","2,028","2,496","3,121","4,196","4,581","4,950",1550604719612,155,6047,19612
Merced,Gustine,1915,,,,,,,,716,"1,016","1,355","1,984","2,300","2,793","3,142","3,931","4,698","5,520",1550604731568,155,6047,31568
Merced,Livingston,1922,,,,,,,,,803,895,"1,502","2,188","2,588","5,326","7,317","10,473","13,058",1550604742006,155,6047,42006
Merced,Los Banos,1907,,,,,,,745,"1,276","1,875","2,214","3,868","5,272","9,188","10,341","14,519","25,869","35,972",1550604744028,155,6047,44028
Merced,Merced,1889,,,,"1,446","2,009","1,969","3,102","3,974","7,066","10,135","15,278","20,068","22,670","36,499","56,216","63,893","78,958",1550604746898,155,6047,46898
,,,,,,,,,,,,,,,,,,,,,,,
Modoc,,1874,,,,"4,399","4,986","5,076","6,191","5,425","8,038","8,713","9,678","8,308","7,469","8,610","9,678","9,449","9,686",5006049,50,6049,
Modoc,Alturas,1901,,,,,,,916,979,"2,338","2,090","2,819","2,819","2,799","3,025","3,231","2,892","2,827",1550604901444,155,6049,1444
,,,,,,,,,,,,,,,,,,,,,,,
Mono,,1861,,,430,"7,499","2,002","2,167","2,042",960,"1,360","2,299","2,115","2,213","4,016","8,577","9,956","12,853","14,202",5006051,50,6051,
Mono,Mammoth Lakes,1984,,,,,,,,,,,,,,"3,929","4,785","7,093","8,234",1550605145358,155,6051,45358
,,,,,,,,,,,,,,,,,,,,,,,
Monterey,,1850,"1,872","4,739","9,876","11,302","18,637","19,380","24,146","27,980","53,705","73,032","130,498","198,351","247,450","290,444","355,660","401,762","415,057",5006053,50,6053,
Monterey,Carmel-By-The-Sea,1916,,,,,,,,638,"2,260","2,837","4,351","4,580","4,525","4,707","4,239","4,081","3,722",1550605311250,155,6053,11250
Monterey,Del Rey Oaks,1953,,,,,,,,,,,,"1,831","1,823","1,557","1,661","1,650","1,624",1550605318688,155,6053,18688
Monterey,Gonzales,1947,,,,,,,,,,,"1,821","2,138","2,575","2,891","4,660","7,564","8,187",1550605330392,155,6053,30392
Monterey,Greenfield,1947,,,,,,,,,,,"1,309","1,680","2,608","4,181","7,464","12,648","16,330",1550605330994,155,6053,30994
Monterey,King City,1911,,,,,,,,"1,048","1,483","1,768","2,347","2,937","3,717","5,495","7,634","11,204","12,874",1550605338520,155,6053,38520
Monterey,Marina,1975,,,,,,,,,,,,,,"20,647","26,436","18,925","19,718",1550605345778,155,6053,45778
Monterey,Monterey,1890,,,,,,"1,748","4,923","5,479","9,141","10,084","16,205","22,618","26,302","27,558","31,954","29,696","27,810",1550605348872,155,6053,48872
Monterey,Pacific Grove,1889,,,,,"1,336","1,411","2,384","2,974","5,558","6,249","9,623","12,121","13,505","15,755","16,117","15,522","15,041",1550605354848,155,6053,54848
Monterey,Salinas,1874,,,,"1,854","2,339","3,304","3,736","4,308","10,263","11,586","13,917","28,957","58,896","80,479","108,777","142,685","150,441",1550605364224,155,6053,64224
Monterey,Sand City,1960,,,,,,,,,,,,,212,182,192,261,334,1550605365112,155,6053,65112
Monterey,Seaside,1954,,,,,,,,,,,,"19,353","35,935","36,567","38,901","33,097","33,025",1550605370742,155,6053,70742
Monterey,Soledad,1921,,,,,,,,,594,861,"2,441","2,837","4,222","3,091","7,146","23,015","25,738",1550605372520,155,6053,72520
,,,,,,,,,,,,,,,,,,,,,,,
Napa,,1850,405,"5,521","7,163","13,235","16,411","16,451","19,800","20,678","22,897","28,503","46,603","65,890","79,140","99,199","110,765","124,279","136,484",5006055,50,6055,
Napa,American Canyon,1992,,,,,,,,,,,,,,,,"9,774","19,454",1550605501640,155,6055,1640
Napa,Calistoga,1886,,,,,n/a,690,751,850,"1,000","1,124","1,418","1,514","1,882","3,879","4,468","5,190","5,155",1550605509892,155,6055,9892
Napa,Napa,1872,,,,"3,731","4,395","4,036","5,791","6,757","6,437","7,740","13,579","22,170","35,978","50,879","61,842","72,585","76,915",1550605550258,155,6055,50258
Napa,St. Helena,1876,,,,"1,339","1,705","1,582","1,603","1,346","1,701","1,758","2,297","2,722","3,173","4,898","4,990","5,950","5,814",1550605564140,155,6055,64140
Napa,Yountville,1965,,,,,,,,,,,,,"2,332","2,893","3,259","3,297","2,933",1550605586930,155,6055,86930
,,,,,,,,,,,,,,,,,,,,,,,
Nevada,,1851,,"16,446","19,134","20,823","17,369","17,789","14,955","10,850","10,596","19,283","19,888","20,911","26,346","51,645","78,510","92,033","98,764",5006057,50,6057,
Nevada,Grass Valley,1893,,,,,,"4,719","4,520","4,006","3,817","5,701","5,283","4,876","5,149","6,697","9,048","10,922","12,860",1550605730798,155,6057,30798
Nevada,Nevada City,1856,,n/a,n/a,"4,022","2,524","3,250","2,689","1,782","1,701","2,445","2,505","2,353","2,314","2,431","2,855","3,001","3,068",1550605750874,155,6057,50874
Nevada,Truckee,1993,,,,,,,,,,,,,,,,"13,864","16,180",1550605780588,155,6057,80588
,,,,,,,,,,,,,,,,,,,,,,,
Orange,,1889,,,,,"13,589","19,696","34,436","61,375","118,674","130,760","216,224","703,925","1,421,233","1,932,921","2,410,556","2,846,289","3,010,232",5006059,50,6059,
Orange,Aliso Viejo,2001,,,,,,,,,,,,,,,,,"47,823",1550605900947,155,6059,947
Orange,Anaheim,1876,,,,833,"1,273","1,456","2,628","5,526","10,995","11,031","14,556","104,184","166,408","219,494","266,406","328,014","336,265",1550605902000,155,6059,2000
Orange,Brea,1917,,,,,,,,"1,037","2,435","2,567","3,208","8,487","18,447","27,913","32,873","35,410","39,282",1550605908100,155,6059,8100
Orange,Buena Park,1953,,,,,,,,,,,,"46,401","63,646","64,165","68,784","78,282","80,530",1550605908786,155,6059,8786
Orange,Costa Mesa,1953,,,,,,,,,,,,"37,550","72,660","82,562","96,357","108,724","109,960",1550605916532,155,6059,16532
Orange,Cypress,1956,,,,,,,,,,,,"1,753","31,569","40,738","42,655","46,229","47,802",1550605917750,155,6059,17750
Orange,Dana Point,1989,,,,,,,,,,,,,,,"31,896","35,110","33,351",1550605917946,155,6059,17946
Orange,Fountain Valley,1957,,,,,,,,,,,,"2,068","31,886","55,080","53,691","54,978","55,313",1550605925380,155,6059,25380
Orange,Fullerton,1904,,,,,,,"1,725","4,415","10,860","10,442","13,958","56,180","85,987","102,246","114,144","126,003","135,161",1550605928000,155,6059,28000
Orange,Garden Grove,1956,,,,,,,,,,,,"84,238","121,155","123,307","143,050","165,196","170,883",1550605929000,155,6059,29000
Orange,Huntington Beach,1909,,,,,,,815,"1,687","3,690","3,738","5,237","11,492","115,960","170,505","181,519","189,594","189,992",1550605936000,155,6059,36000
Orange,Irvine,1971,,,,,,,,,,,,,,"62,134","110,330","143,072","212,375",1550605936770,155,6059,36770
Orange,La Habra,1925,,,,,,,,,"2,273","2,499","4,961","25,136","41,350","45,232","51,266","58,974","60,239",1550605939290,155,6059,39290
Orange,La Palma,1955,,,,,,,,,,,,622,"9,687","15,399","15,392","15,408","15,568",1550605940256,155,6059,40256
Orange,Laguna Beach,1927,,,,,,,,,"1,981","4,460","6,661","9,288","14,550","17,858","23,170","23,727","22,723",1550605939178,155,6059,39178
Orange,Laguna Hills,1991,,,,,,,,,,,,,,,,"29,939","30,344",1550605939220,155,6059,39220
Orange,Laguna Niguel,1989,,,,,,,,,,,,,,,"44,400","61,891","62,979",1550605939248,155,6059,39248
Orange,Laguna Woods,1999,,,,,,,,,,,,,,,,"17,794","16,192",1550605939259,155,6059,39259
Orange,Lake Forest,1991,,,,,,,,,,,,,,,,"58,707","77,264",1550605939496,155,6059,39496
Orange,Los Alamitos,1960,,,,,,,,,,,,"4,312","11,346","11,529","11,676","11,536","11,449",1550605943224,155,6059,43224
Orange,Mission Viejo,1988,,,,,,,,,,,,,,,"72,820","93,102","93,305",1550605948256,155,6059,48256
Orange,Newport Beach,1906,,,,,,,445,894,"2,203","4,438","12,120","26,564","49,582","62,556","66,643","70,032","85,186",1550605951182,155,6059,51182
Orange,Orange,1888,,,,,866,"1,216","2,920","4,884","8,066","7,901","10,027","26,444","77,365","91,450","110,658","128,868","136,416",1550605953980,155,6059,53980
Orange,Placentia,1926,,,,,,,,,"1,606","1,472","1,682","5,861","21,948","35,041","41,259","46,488","50,533",1550605957526,155,6059,57526
Orange,Rancho Santa Margarita,2000,,,,,,,,,,,,,,,,"47,214","47,853",1550605959587,155,6059,59587
Orange,San Clemente,1928,,,,,,,,,667,479,"2,008","8,527","17,063","27,325","41,100","49,936","63,522",1550605965084,155,6059,65084
Orange,San Juan Capistrano,1961,,,,,,,,,,,,,"3,781","18,959","26,183","33,826","34,593",1550605968028,155,6059,68028
Orange,Santa Ana,1886,,,"1,145",711,"3,628","4,933","8,429","15,485","30,322","31,921","45,533","100,350","155,710","204,023","293,742","337,977","324,528",1550605969000,155,6059,69000
Orange,Seal Beach,1915,,,,,,,,669,"1,156","1,553","3,553","6,994","24,441","25,975","25,098","24,157","24,168",1550605970686,155,6059,70686
Orange,Stanton,"i. 1911/ 
d.1924/ 
ri. 1956",,,,,,,,695,-3,-3,-3,"11,163","18,186","23,723","30,491","37,403","38,186",1550605973962,155,6059,73962
Orange,Tustin,1927,,,,,,,,,926,953,"1,143","2,006","21,099","32,256","50,689","67,504","75,540",1550605980854,155,6059,80854
Orange,Villa Park,1962,,,,,,,,,,,,,"2,723","7,137","6,299","5,952","5,812",1550605982744,155,6059,82744
Orange,Westminster,1957,,,,,,,,,,,,"25,750","60,076","71,133","78,118","88,207","89,701",1550605984550,155,6059,84550
Orange,Yorba Linda,1967,,,,,,,,,,,,,"11,856","28,254","52,422","58,918","64,234",1550605986832,155,6059,86832
,,,,,,,,,,,,,,,,,,,,,,,
Placer,,1851,,"13,270","11,357","14,232","15,101","15,786","18,237","18,584","24,468","28,108","41,649","56,998","77,632","117,247","172,796","248,399","348,432",5006061,50,6061,
Placer,Auburn,1888,,,,,"1,595","2,050","2,376","2,289","2,661","4,013","4,653","5,586","6,570","7,540","10,592","12,462","13,330",1550606103204,155,6061,3204
Placer,Colfax,1910,,,,,,,621,573,912,794,820,915,798,981,"1,306","1,496","1,963",1550606114498,155,6061,14498
Placer,Dutch Flat,"i. ~1858/ 
d.1866",,n/a,,,,,,,,,,,,,,,,15506061XXXXX,155,6061,XXXXX
Placer,Lincoln,1890,,,,,961,"1,061","1,402","1,325","2,094","2,044","2,410","3,197","3,176","4,132","7,248","11,205","42,819",1550606141474,155,6061,41474
Placer,Loomis,1984,,,,,,,,,,,,,,,"5,705","6,260","6,430",1550606143140,155,6061,43140
Placer,Rocklin,1893,,,,,,"1,050","1,026",643,724,795,"1,155","1,495","3,039","7,344","19,033","36,330","56,974",1550606162364,155,6061,62364
Placer,Roseville,1909,,,,,,,"2,608","4,477","6,425","6,653","8,723","13,421","18,221","24,347","44,685","79,921","118,788",1550606162938,155,6061,62938
,,,,,,,,,,,,,,,,,,,,,,,
Plumas,,1854,,"4,363","4,489","6,180","4,933","4,657","5,259","5,681","7,913","11,548","13,519","11,620","11,707","17,340","19,739","20,824","20,007",5006063,50,6063,
Plumas,Portola,1946,,,,,,,,,,,"2,261","1,874","1,625","1,885","2,193","2,227","2,104",1550606358352,155,6063,58352
,,,,,,,,,,,,,,,,,,,,,,,
Riverside,,1893,,,,,,"17,897","34,696","50,297","81,024","105,524","170,046","306,191","456,916","663,199","1,170,413","1,545,387","2,189,641",5006065,50,6065,
Riverside,Banning,1913,,,,,,,,"1,810","2,752","3,874","7,034","10,250","12,034","14,020","20,570","23,562","29,603",1550606503820,155,6065,3820
Riverside,Beaumont,1912,,,,,,,,857,"1,332","2,208","3,152","4,288","5,484","6,818","9,685","11,384","36,877",1550606504758,155,6065,4758
Riverside,Blythe,1916,,,,,,,,"1,622","1,020","2,355","4,089","6,023","7,047","6,805","8,428","20,463","20,817",1550606507218,155,6065,7218
Riverside,Cabazon,"i. 1955/ 
d.1972",,,,,,,,,,,,498,598,,,,,15506065XXXXX,155,6065,XXXXX
Riverside,Calimesa,1990,,,,,,,,,,,,,,,,"7,139","7,879",1550606509864,155,6065,9864
Riverside,Canyon Lake,1990,,,,,,,,,,,,,,,,"9,952","10,561",1550606510928,155,6065,10928
Riverside,Cathedral City,1981,,,,,,,,,,,,,,,"30,085","42,647","51,200",1550606512048,155,6065,12048
Riverside,Coachella,1946,,,,,,,,,,,"2,755","4,854","8,353","9,129","16,896","22,724","40,704",1550606514260,155,6065,14260
Riverside,Corona,1896,,,,,,"1,434","3,540","4,129","7,018","8,764","10,223","13,336","27,519","37,791","76,095","124,966","152,374",1550606516350,155,6065,16350
Riverside,Desert Hot Springs,1963,,,,,,,,,,,,,"2,738","5,941","11,668","16,582","25,938",1550606518996,155,6065,18996
Riverside,Hemet,1910,,,,,,,992,"1,480","2,235","2,595","3,386","5,416","12,252","22,454","36,094","58,812","78,657",1550606533182,155,6065,33182
Riverside,Indian Wells,1967,,,,,,,,,,,,,760,"1,394","2,647","3,816","4,958",1550606536434,155,6065,36434
Riverside,Indio,1930,,,,,,,,,,"2,296","5,300","9,745","14,459","21,611","36,793","49,116","76,036",1550606536448,155,6065,36448
Riverside,La Quinta,1982,,,,,,,,,,,,,,,"11,215","23,694","37,467",1550606540354,155,6065,40354
Riverside,Lake Elsinore,1888,,,,,n/a,279,488,633,"1,350","1,552","2,068","2,432","3,530","5,982","18,285","28,928","51,821",1550606539486,155,6065,39486
Riverside,Menifee,2008,,,,,,,,,,,,,,,,,"77,519",1550606546842,155,6065,46842
Riverside,Moreno Valley,1984,,,,,,,,,,,,,,,"118,779","142,381","193,365",1550606549270,155,6065,49270
Riverside,Murrieta,1991,,,,,,,,,,,,,,,,"44,282","103,466",1550606550076,155,6065,50076
Riverside,Norco,1964,,,,,,,,,,,,,"14,511","19,732","23,302","24,157","27,063",1550606551560,155,6065,51560
Riverside,Palm Desert,1973,,,,,,,,,,,,,,"11,801","23,252","41,155","48,445",1550606555184,155,6065,55184
Riverside,Palm Springs,1938,,,,,,,,,,"3,434","7,660","13,468","20,936","32,359","40,181","42,807","44,552",1550606555254,155,6065,55254
Riverside,Perris,1911,,,,,,,,499,763,"1,011","1,807","2,950","4,228","6,827","21,460","36,189","68,386",1550606556700,155,6065,56700
Riverside,Rancho Mirage,1973,,,,,,,,,,,,,,"6,281","9,778","13,249","17,218",1550606559500,155,6065,59500
Riverside,Riverside,1883,,,,,"4,683","7,973","15,212","19,341","29,696","34,696","46,764","84,332","140,089","170,591","226,505","255,166","303,871",1550606562000,155,6065,62000
Riverside,San Jacinto,1888,,,,,661,583,898,945,"1,346","1,356","1,778","2,553","4,385","7,098","16,210","23,779","44,199",1550606567112,155,6065,67112
Riverside,Temecula,1989,,,,,,,,,,,,,,,"27,099","57,716","100,097",1550606578120,155,6065,78120
Riverside,Wildomar,2008,,,,,,,,,,,,,,,,,"32,176",1550606585446,155,6065,85446
,,,,,,,,,,,,,,,,,,,,,,,
Sacramento,,1850,"9,087","24,142","26,830","34,390","40,339","45,915","67,806","91,029","141,999","170,333","277,140","502,778","634,373","783,381","1,041,219","1,223,499","1,418,788",5006067,50,6067,
Sacramento,Citrus Heights,1997,,,,,,,,,,,,,,,,"85,071","83,301",1550606713588,155,6067,13588
Sacramento,Elk Grove,2000,,,,,,,,,,,,,,,,,"153,015",1550606722020,155,6067,22020
Sacramento,Folsom,1946,,,,,,,,,,,"1,690","3,925","5,810","11,003","29,802","51,884","72,203",1550606724638,155,6067,24638
Sacramento,Galt,1946,,,,,,,,,,,"1,333","1,868","3,200","5,514","8,889","19,472","23,647",1550606728112,155,6067,28112
Sacramento,Isleton,1923,,,,,,,,,"2,090","1,837","1,597","1,039",909,914,833,828,804,1550606736882,155,6067,36882
Sacramento,North Sacramento,"i. 1924/ 
d.1963",,,,,,,,,"2,097","3,053","6,029","12,922",,,,,,15506067XXXXX,155,6067,XXXXX
Sacramento,Rancho Cordova,2003,,,,,,,,,,,,,,,,,"64,776",1550606759444,155,6067,59444
Sacramento,Sacramento,1850,"6,820","13,785","16,283","21,420","26,386","29,282","44,696","65,908","93,750","105,958","137,572","191,667","257,105","275,741","369,365","407,018","466,488",1550606764000,155,6067,64000
,,,,,,,,,,,,,,,,,,,,,,,
San Benito,,1874,,,,"5,584","6,412","6,633","8,041","8,995","11,311","11,392","14,370","15,396","18,226","25,005","36,697","53,234","55,269",5006069,50,6069,
San Benito,Hollister,1872,,,,"1,034","1,234","1,315","2,308","2,781","3,757","3,881","4,903","6,071","7,663","11,488","19,212","34,413","34,928",1550606934120,155,6069,34120
San Benito,San Juan Bautista,1869,,,n/a,484,463,449,326,501,n/a,678,"1,031","1,046","1,164","1,276","1,570","1,549","1,862",1550606968014,155,6069,68014
,,,,,,,,,,,,,,,,,,,,,,,
San Bernardino,,1853,,"5,551","3,988","7,786","25,497","27,929","56,706","73,401","133,900","161,108","281,642","503,591","682,233","895,016","1,418,380","1,709,434","2,035,210",5006071,50,6071,
San Bernardino,Adelanto,1970,,,,,,,,,,,,,,"2,164","8,517","18,130","31,765",1550607100296,155,6071,296
San Bernardino,Apple Valley,1988,,,,,,,,,,,,,,,"46,079","54,239","69,135",1550607102364,155,6071,2364
San Bernardino,Barstow,1947,,,,,,,,,,,"6,135","11,644","17,442","17,690","21,472","21,119","22,639",1550607104030,155,6071,4030
San Bernardino,Big Bear Lake,1980,,,,,,,,,,,,,,,"5,351","5,438","5,019",1550607106434,155,6071,6434
San Bernardino,Chino,1910,,,,,,,"1,444","2,132","3,118","4,204","5,784","10,305","20,411","40,165","59,682","67,168","77,983",1550607113210,155,6071,13210
San Bernardino,Chino Hills,1991,,,,,,,,,,,,,,,,"66,787","74,799",1550607113214,155,6071,13214
San Bernardino,Colton,1887,,,,,"1,315","1,285","3,980","4,282","8,014","9,686","14,465","18,666","20,016","21,310","40,213","47,662","52,154",1550607114890,155,6071,14890
San Bernardino,Fontana,1952,,,,,,,,,,,,"14,659","20,673","36,991","87,535","128,929","196,069",1550607124680,155,6071,24680
San Bernardino,Grand Terrace,1978,,,,,,,,,,,,,,"8,498","10,946","11,626","12,040",1550607130658,155,6071,30658
San Bernardino,Hesperia,1988,,,,,,,,,,,,,,,"50,418","62,582","90,173",1550607133434,155,6071,33434
San Bernardino,Highland,1987,,,,,,,,,,,,,,,"34,439","44,605","53,104",1550607133588,155,6071,33588
San Bernardino,Loma Linda,1970,,,,,,,,,,,,,,"10,694","17,400","18,681","23,261",1550607142370,155,6071,42370
San Bernardino,Montclair,1956,,,,,,,,,,,,"13,546","22,546","22,628","28,434","33,049","36,664",1550607148788,155,6071,48788
San Bernardino,Needles,1913,,,,,,,,"2,807","3,144","3,624","4,051","4,590","4,051","4,120","5,191","4,830","4,844",1550607150734,155,6071,50734
San Bernardino,Ontario,1891,,,,,,722,"4,274","7,280","13,583","14,197","22,872","46,617","64,118","88,820","133,179","158,007","163,924",1550607153896,155,6071,53896
San Bernardino,Rancho Cucamonga,1977,,,,,,,,,,,,,,"55,250","101,409","127,743","165,269",1550607159451,155,6071,59451
San Bernardino,Redlands,1888,,,,,"1,904","4,797","10,449","9,571","14,177","14,324","18,429","26,829","36,355","43,619","60,394","63,591","68,747",1550607159962,155,6071,59962
San Bernardino,Rialto,1911,,,,,,,,961,"1,642","1,770","3,156","18,567","28,370","37,862","72,388","91,873","99,171",1550607160466,155,6071,60466
San Bernardino,San Bernardino,1869,,,n/a,"1,678","4,012","6,150","12,779","18,721","37,481","43,646","63,058","91,922","106,869","118,794","164,164","185,401","209,924",1550607165000,155,6071,65000
San Bernardino,Twentynine Palms,1987,,,,,,,,,,,,,,,"11,821","14,764","25,048",1550607180994,155,6071,80994
San Bernardino,Upland,1906,,,,,,,"2,384","2,912","4,713","6,316","9,203","15,918","32,551","47,647","63,374","68,393","73,732",1550607181344,155,6071,81344
San Bernardino,Victorville,1962,,,,,,,,,,,,,"10,845","14,220","40,674","64,029","115,903",1550607182590,155,6071,82590
San Bernardino,Yucaipa,1989,,,,,,,,,,,,,,,"32,824","41,207","51,367",1550607187042,155,6071,87042
San Bernardino,Yucca Valley,1991,,,,,,,,,,,,,,,,"16,865","20,700",1550607187056,155,6071,87056
,,,,,,,,,,,,,,,,,,,,,,,
San Diego,,1850,798,"4,324","4,951","8,618","34,987","35,090","61,665","112,248","209,659","289,348","556,808","1,033,011","1,357,854","1,861,846","2,498,016","2,813,833","3,095,313",5006073,50,6073,
San Diego,Carlsbad,1952,,,,,,,,,,,,"9,253","14,944","35,490","63,126","78,247","105,328",1550607311194,155,6073,11194
San Diego,Chula Vista,1911,,,,,,,,"1,718","3,869","5,138","15,927","42,034","67,901","35,490","63,126","173,556","243,916",1550607313392,155,6073,13392
San Diego,Coronado,1890,,,,,,935,"1,477","3,289","5,425","6,932","12,700","18,039","20,020","18,790","26,540","24,100","18,912",1550607316378,155,6073,16378
San Diego,Del Mar,1959,,,,,,,,,,,,"3,124","3,956","5,017","4,860","4,389","4,161",1550607318506,155,6073,18506
San Diego,El Cajon,1912,,,,,,,,469,"1,050","1,471","5,600","37,618","52,273","73,892","88,693","94,869","99,478",1550607321712,155,6073,21712
San Diego,Encinitas,1986,,,,,,,,,,,,,,,"55,386","58,014","59,518",1550607322678,155,6073,22678
San Diego,Escondido,1888,,,,,541,755,"1,334","1,789","3,421","4,560","6,544","16,377","36,792","64,355","108,635","133,559","143,911",1550607322804,155,6073,22804
San Diego,Imperial Beach,1956,,,,,,,,,,,,"17,773","20,244","22,689","26,512","26,992","26,324",1550607336294,155,6073,36294
San Diego,La Mesa,1912,,,,,,,,"1,004","2,513","3,925","10,946","30,441","39,178","50,308","52,931","54,749","57,065",1550607340004,155,6073,40004
San Diego,Lemon Grove,1977,,,,,,,,,,,,,,"20,780","23,984","24,918","25,320",1550607341124,155,6073,41124
San Diego,National City,1887,,,,,"1,353","1,086","1,733","3,116","7,301","10,344","21,199","32,771","43,184","48,772","54,249","54,260","58,582",1550607350398,155,6073,50398
San Diego,Oceanside,1888,,,,,n/a,330,673,"1,161","3,508","4,651","12,881","24,971","40,494","76,698","128,398","161,029","167,086",1550607353322,155,6073,53322
San Diego,Poway,1980,,,,,,,,,,,,,,,"43,516","48,044","47,811",1550607358520,155,6073,58520
San Diego,San Diego,1850,n/a,731,"2,300","2,637","16,159","17,700","39,578","74,361","147,995","203,341","334,387","573,224","697,027","875,538","1,110,549","1,223,400","1,307,402",1550607366000,155,6073,66000
San Diego,San Marcos,1963,,,,,,,,,,,,,"3,896","17,479","38,974","54,977","83,781",1550607368196,155,6073,68196
San Diego,Santee,1980,,,,,,,,,,,,,,,"52,902","52,975","53,413",1550607370224,155,6073,70224
San Diego,Solana Beach,1986,,,,,,,,,,,,,,,"12,962","12,979","12,867",1550607372506,155,6073,72506
San Diego,Vista,1963,,,,,,,,,,,,,"24,688","35,834","71,872","89,857","93,834",1550607382996,155,6073,82996
,,,,,,,,,,,,,,,,,,,,,,,
San Francisco,,1850,,"56,802","149,473","233,959","298,997","342,782","416,912","506,676","634,394","634,536","775,357","740,316","715,674","678,974","723,959","776,733","805,235",5006075,50,6075,
San Francisco,San Francisco,1850,n/a,"56,802","149,473","233,959","298,997","342,782","416,912","506,676","634,394","634,536","775,357","740,316","715,674","678,974","723,959","776,733","805,235",1550607567000,155,6075,67000
,,,,,,,,,,,,,,,,,,,,,,,
San Joaquin,,1850,"3,647","9,435","21,050","24,349","28,629","35,452","50,731","79,905","102,940","134,207","200,750","249,989","291,073","347,342","480,628","563,598","685,306",5006077,50,6077,
San Joaquin,Escalon,1957,,,,,,,,,,,,"1,763","2,366","3,127","4,437","5,963","7,132",1550607722790,155,6077,22790
San Joaquin,Lathrop,1989,,,,,,,,,,,,,,,"6,841","10,445","18,023",1550607740704,155,6077,40704
San Joaquin,Lodi,1906,,,,,,,"2,697","4,850","6,788","11,079","13,798","22,229","28,691","35,221","51,874","56,999","62,134",1550607742202,155,6077,42202
San Joaquin,Manteca,1918,,,,,,,,"1,286","1,614","1,981","3,804","8,242","13,845","24,925","40,773","49,258","67,096",1550607745484,155,6077,45484
San Joaquin,Ripon,1945,,,,,,,,,,,"1,550","1,894","2,679","3,509","7,455","10,146","14,297",1550607761026,155,6077,61026
San Joaquin,Stockton,1850,,"3,679","10,066","10,282","14,424","17,506","23,253","40,296","47,963","54,714","70,853","86,321","109,963","148,283","210,943","243,771","291,707",1550607775000,155,6077,75000
San Joaquin,Tracy,1910,,,,,,,,"2,450","3,829","4,056","8,410","11,289","14,724","18,428","33,558","56,929","82,922",1550607780238,155,6077,80238
,,,,,,,,,,,,,,,,,,,,,,,
San Luis Obispo,,1850,336,"1,782","4,772","9,142","16,072","16,637","19,383","21,893","29,613","33,246","51,417","81,044","105,690","155,435","217,162","246,681","269,637",5006079,50,6079,
San Luis Obispo,Arroyo Grande,1911,,,,,,,,760,892,"1,090","1,723","3,291","7,454","11,290","14,378","15,851","17,252",1550607902868,155,6079,2868
San Luis Obispo,Atascadero,1979,,,,,,,,,,,,,,"16,232","23,138","26,411","28,310",1550607903064,155,6079,3064
San Luis Obispo,Grover Beach,1959,,,,,,,,,,,,"5,210","5,939","8,827","11,656","13,067","13,156",1550607931393,155,6079,31393
San Luis Obispo,Morro Bay,1964,,,,,,,,,,,,,"7,109","9,064","9,664","10,350","10,234",1550607949362,155,6079,49362
San Luis Obispo,Paso Robles,1889,,,,,827,"1,224","1,441","1,919","2,573","3,045","4,835","6,677","7,168","9,163","18,583","24,297","29,793",1550607922300,155,6079,22300
San Luis Obispo,Pismo Beach,"i. 1939/ 
d.1940/ 
ri. 1946",,,,,,,,,,,"1,425","1,762","4,043","5,364","7,669","8,551","7,655",1550607957414,155,6079,57414
San Luis Obispo,San Luis Obispo,1856,,n/a,n/a,"2,243","2,995","3,021","5,157","5,895","8,276","8,881","14,180","20,437","28,036","34,252","41,958","44,174","45,119",1550607968154,155,6079,68154
,,,,,,,,,,,,,,,,,,,,,,,
San Mateo,,1856,,"3,214","6,635","8,669","10,087","12,094","26,585","36,781","77,405","111,782","235,659","444,387","557,361","587,329","649,623","707,163","718,451",5006081,50,6081,
San Mateo,Atherton,1923,,,,,,,,,"1,242","1,908","3,630","7,717","8,085","7,797","7,163","7,194","6,914",1550608103092,155,6081,3092
San Mateo,Belmont,1926,,,,,,,,,984,"1,229","5,567","15,996","23,538","24,505","24,127","25,123","25,835",1550608105108,155,6081,5108
San Mateo,Brisbane,1961,,,,,,,,,,,,,"3,003","2,969","2,952","3,597","4,282",1550608108310,155,6081,8310
San Mateo,Burlingame,1908,,,,,,,"1,565","4,107","13,270","15,940","19,886","24,036","27,320","26,173","26,801","28,158","28,806",1550608109066,155,6081,9066
San Mateo,Colma,1924,,,,,,,,,369,354,297,500,537,395,"1,103","1,187","1,792",1550608114736,155,6081,14736
San Mateo,Daly City,1911,,,,,,,,"3,779","7,838","9,625","15,191","44,791","66,922","78,427","92,311","103,625","101,123",1550608117918,155,6081,17918
San Mateo,East Palo Alto,1983,,,,,,,,,,,,,,,"23,451","29,506","28,155",1550608120956,155,6081,20956
San Mateo,Foster City,1971,,,,,,,,,,,,,,"23,287","28,176","28,803","30,567",1550608125338,155,6081,25338
San Mateo,Half Moon Bay,1959,,,,,,,,,,,,"1,957","4,023","7,282","8,886","11,842","11,324",1550608131708,155,6081,31708
San Mateo,Hillsborough,1910,,,,,,,,931,"1,891","2,747","3,552","7,554","8,753","10,372","10,667","10,825","10,825",1550608133798,155,6081,33798
San Mateo,Menlo Park,1927,,,,,,,,,"2,254","3,258","13,587","26,957","26,826","26,438","28,040","30,785","32,026",1550608146870,155,6081,46870
San Mateo,Millbrae,1948,,,,,,,,,,,"8,972","15,873","20,920","20,058","20,412","20,718","21,532",1550608147486,155,6081,47486
San Mateo,Pacifica,1957,,,,,,,,,,,,"20,995","36,020","36,866","37,670","38,390","37,234",1550608154806,155,6081,54806
San Mateo,Portola Valley,1964,,,,,,,,,,,,,"4,996","3,939","4,194","4,462","4,353",1550608158380,155,6081,58380
San Mateo,Redwood City,1867,,,727,"1,383","1,572","1,653","2,442","4,020","8,962","12,453","25,544","46,290","55,686","54,951","66,072","75,402","76,815",1550608160102,155,6081,60102
San Mateo,San Bruno,1914,,,,,,,,"1,562","3,610","6,519","12,478","29,063","36,254","35,417","38,961","40,165","41,114",1550608165028,155,6081,65028
San Mateo,San Carlos,1925,,,,,,,,,"1,132","3,520","14,371","21,370","26,053","24,710","26,167","27,718","28,406",1550608165070,155,6081,65070
San Mateo,San Mateo,1894,,,,,,"1,832","4,384","5,979","13,444","19,403","41,782","69,870","78,991","77,640","85,486","92,482","97,207",1550608168252,155,6081,68252
San Mateo,South San Francisco,1908,,,,,,,"1,989","4,411","6,193","6,629","19,351","39,418","46,646","49,393","54,312","60,552","63,632",1550608173262,155,6081,73262
San Mateo,Woodside,1956,,,,,,,,,,,,"3,592","4,734","5,291","5,035","5,352","5,287",1550608186440,155,6081,86440
,,,,,,,,,,,,,,,,,,,,,,,
Santa Barbara,,1850,"1,185","3,543","7,784","9,513","15,754","18,934","27,738","41,097","65,167","70,555","98,220","168,962","264,324","298,694","369,608","399,347","423,895",5006083,50,6083,
Santa Barbara,Buellton,1992,,,,,,,,,,,,,,,,"3,828","4,828",1550608308758,155,6083,8758
Santa Barbara,Carpinteria,1965,,,,,,,,,,,,,"6,982","10,835","13,747","14,194","13,040",1550608311446,155,6083,11446
Santa Barbara,Goleta,2002,,,,,,,,,,,,,,,,,"29,888",1550608330378,155,6083,30378
Santa Barbara,Guadalupe,1946,,,,,,,,,,,"2,429","2,614","3,145","3,629","5,479","5,659","7,080",1550608331414,155,6083,31414
Santa Barbara,Lompoc,1888,,,,,"1,015",972,"1,482","1,876","2,845","3,379","5,520","14,415","25,284","26,267","37,649","41,103","42,434",1550608342524,155,6083,42524
Santa Barbara,Santa Barbara,1850,n/a,"2,351","4,255","3,460","5,864","6,587","11,659","19,441","33,613","34,958","44,913","58,768","70,215","74,414","85,571","89,600","88,410",1550608369070,155,6083,69070
Santa Barbara,Santa Maria,1905,,,,,,,"2,260","3,943","7,057","8,522","10,440","20,027","32,749","39,685","61,284","77,423","99,553",1550608369196,155,6083,69196
Santa Barbara,Solvang,1985,,,,,,,,,,,,,,,"4,741","5,332","5,245",1550608372576,155,6083,72576
,,,,,,,,,,,,,,,,,,,,,,,
Santa Clara,,1850,,"11,912","26,246","35,039","48,005","60,216","83,539","100,676","145,118","174,949","290,547","642,315","1,065,313","1,295,071","1,497,577","1,682,585","1,781,642",5006085,50,6085,
Santa Clara,Campbell,1952,,,,,,,,,,,,"11,863","23,797","26,910","36,048","38,138","39,349",1550608510345,155,6085,10345
Santa Clara,Cupertino,1955,,,,,,,,,,,,"3,664","17,895","34,297","40,263","50,546","58,302",1550608517610,155,6085,17610
Santa Clara,Gilroy,1870,,,"1,625","1,621","1,694","1,820","2,437","2,862","3,502","3,615","4,951","7,348","12,684","25,769","26,303","41,464","48,821",1550608529504,155,6085,29504
Santa Clara,Los Altos,1952,,,,,,,,,,,,"19,696","25,062","25,769","26,303","27,693","28,976",1550608543280,155,6085,43280
Santa Clara,Los Altos Hills,1956,,,,,,,,,,,,"3,412","6,871","7,421","7,514","7,902","7,922",1550608543294,155,6085,43294
Santa Clara,Los Gatos,1887,,,,,"1,652","1,915","2,232","2,317","3,168","3,597","4,907","9,036","22,613","26,906","27,357","28,592","29,413",1550608544112,155,6085,44112
Santa Clara,Milpitas,1954,,,,,,,,,,,,"6,572","26,561","37,820","50,686","62,698","66,790",1550608547766,155,6085,47766
Santa Clara,Monte Sereno,1957,,,,,,,,,,,,"1,506","2,847","3,434","3,287","3,483","3,341",1550608548956,155,6085,48956
Santa Clara,Morgan Hill,1906,,,,,,,607,646,908,"1,014","1,627","3,151","5,579","17,060","23,928","33,556","37,882",1550608549278,155,6085,49278
Santa Clara,Mountain View,1902,,,,,,,"1,161","1,888","3,308","3,946","6,563","30,889","54,132","58,655","67,460","70,708","74,066",1550608549670,155,6085,49670
Santa Clara,Palo Alto,1894,,,,,,"1,658","4,486","5,900","13,652","16,774","25,475","52,287","56,040","55,225","55,900","58,598","64,403",1550608555282,155,6085,55282
Santa Clara,San Jose,1850,n/a,n/a,"9,089","12,567","18,060","21,500","28,946","39,642","57,651","68,457","95,280","204,196","459,913","629,531","782,248","894,943","945,942",1550608568000,155,6085,68000
Santa Clara,Santa Clara,1852,,"2,559","3,469","2,416","2,891","3,650","4,348","5,220","6,302","6,650","11,702","58,880","86,118","87,700","93,613","102,361","116,468",1550608569084,155,6085,69084
Santa Clara,Saratoga,1956,,,,,,,,,,,,"14,861","26,810","29,261","28,061","29,843","29,926",1550608570280,155,6085,70280
Santa Clara,Sunnyvale,1912,,,,,,,,"1,675","3,094","4,373","9,829","52,898","95,976","106,618","117,229","131,760","140,081",1550608577000,155,6085,77000
,,,,,,,,,,,,,,,,,,,,,,,
Santa Cruz,,1850,643,"4,944","8,743","12,802","19,270","21,512","26,140","26,269","37,433","45,057","66,534","84,219","123,790","188,141","229,734","255,602","262,382",5006087,50,6087,
Santa Cruz,Boulder Creek,"i. 1902/ 
d.1915",,,,,,,544,,,,,,,,,,,15506087XXXXX,155,6087,XXXXX
Santa Cruz,Capitola,1949,,,,,,,,,,,"1,848","2,021","5,080","9,095","10,171","10,033","9,918",1550608711040,155,6087,11040
Santa Cruz,Felton,"i. ~1875/ 
d.1917",,,,271,259,n/a,n/a,,,,,,,,,,,15506087XXXXX,155,6087,XXXXX
Santa Cruz,Santa Cruz,1866,,,"2,561","3,898","5,596","5,659","11,146","10,917","14,395","16,896","21,970","25,596","32,076","41,483","49,040","54,593","59,946",1550608769112,155,6087,69112
Santa Cruz,Scotts Valley,1966,,,,,,,,,,,,,"3,621","6,891","8,615","11,385","11,580",1550608770588,155,6087,70588
Santa Cruz,Watsonville,1868,,,"1,151","1,799","2,149","3,528","4,446","5,013","8,344","8,937","11,572","13,293","14,569","23,662","31,099","44,265","51,199",1550608783668,155,6087,83668
,,,,,,,,,,,,,,,,,,,,,,,
Shasta,,1850,378,"4,360","4,173","9,492","12,133","17,318","18,920","13,361","13,927","28,800","36,413","59,468","77,640","115,613","147,036","163,256","177,223",5006089,50,6089,
Shasta,Anderson,1956,,,,,,,,,,,,"4,492","5,492","7,381","8,299","9,022","9,932",1550608902042,155,6089,2042
Shasta,Coram,"i. 1910/ 
d.1918",,,,,,,666,,,,,,,,,,,15506089XXXXX,155,6089,XXXXX
Shasta,Kennett,"i. 1911/ 
d.1930",,,,,,,,464,124,,,,,,,,,15506089XXXXX,155,6089,XXXXX
Shasta,Redding,1887,,,,,"1,821","2,946","3,572","2,962","4,188","8,109","10,256","12,773","16,659","41,995","66,462","80,865","89,861",1550608959920,155,6089,59920
Shasta,Shasta Lake,1993,,,,,,,,,,,,,,,,"9,008","10,164",1550608971225,155,6089,71225
,,,,,,,,,,,,,,,,,,,,,,,
Sierra,,1852,,"11,387","5,619","6,623","5,051","4,017","4,098","1,783","2,422","3,025","2,410","2,247","2,365","3,073","3,318","3,555","3,240",5006091,50,6091,
Sierra,Loyalton,1901,,,,,,,983,442,837,925,911,936,945,"1,030",931,862,769,1550609144364,155,6091,44364
,,,,,,,,,,,,,,,,,,,,,,,
Siskiyou,,1852,,"7,629","6,848","8,610","12,163","16,962","18,801","18,545","25,480","28,598","30,733","32,885","33,225","39,732","43,531","44,301","44,900",5006093,50,6093,
Siskiyou,Dorris,1908,,,,,,,214,424,762,863,892,973,840,836,892,886,939,1550609319584,155,6093,19584
Siskiyou,Dunsmuir,1909,,,,,,,"1,719","2,528","2,256","2,359","2,256","2,873","2,214","2,253","2,129","1,923","1,650",1550609320242,155,6093,20242
Siskiyou,Etna,1878,,,,361,271,500,518,425,379,456,649,596,667,754,835,781,737,1550609322972,155,6093,22972
Siskiyou,Fort Jones,1872,,,,n/a,266,356,316,331,302,360,525,483,515,544,639,660,839,1550609325128,155,6093,25128
Siskiyou,Montague,1909,,,,,,,274,453,507,463,579,782,890,"1,285","1,415","1,456","1,443",1550609348690,155,6093,48690
Siskiyou,Mount Shasta,1905,,,,,,,n/a,542,"1,009","1,618","1,909","1,936","2,256","2,837","3,460","3,621","3,394",1550609349852,155,6093,49852
Siskiyou,Tulelake,1937,,,,,,,,,,785,"1,028",950,857,783,"1,010","1,020","1,010",1550609380686,155,6093,80686
Siskiyou,Weed,1961,,,,,,,,,,,,,"2,983","2,879","3,062","2,978","2,967",1550609383850,155,6093,83850
Siskiyou,Yreka,1857,,"1,328","1,063","1,059","1,100","1,254","1,134","1,277","2,126","2,485","3,227","4,759","5,394","5,916","6,948","7,290","7,765",1550609386944,155,6093,86944
,,,,,,,,,,,,,,,,,,,,,,,
Solano,,1850,580,"7,169","16,871","18,475","20,946","24,143","27,559","40,602","40,834","49,118","104,833","134,597","171,989","235,203","340,421","394,542","413,344",5006095,50,6095,
Solano,Benicia,1850,480,"1,470","1,656","1,794","2,361","2,751","2,360","2,693","2,913","2,419","7,284","6,070","7,349","15,376","24,437","26,865","26,997",1550609505290,155,6095,5290
Solano,Dixon,1878,,,,n/a,"1,082",783,827,926,"1,000","1,108","1,714","2,970","4,432","7,541","10,401","16,103","18,351",1550609519402,155,6095,19402
Solano,Fairfield,1903,,,,,,,834,"1,008","1,131","1,312","3,118","14,968","44,146","58,099","77,211","96,178","105,321",1550609523182,155,6095,23182
Solano,Rio Vista,1894,,,,,,682,884,"1,104","1,309","1,666","1,831","2,616","3,135","3,142","3,316","4,571","7,360",1550609560984,155,6095,60984
Solano,Suisun City,1868,,,462,554,499,625,641,769,905,706,946,"2,470","2,917","11,087","22,686","26,118","28,111",1550609575630,155,6095,75630
Solano,Vacaville,1892,,,,,,"1,220","1,177","1,254","1,556","1,614","3,169","10,898","21,690","43,367","71,479","88,625","92,428",1550609581554,155,6095,81554
Solano,Vallejo,1868,,,n/a,"5,987","6,343","7,965","11,340","21,107","16,072","20,072","26,038","60,877","71,710","80,303","109,199","116,760","115,942",1550609581666,155,6095,81666
,,,,,,,,,,,,,,,,,,,,,,,
Sonoma,,1850,560,"11,867","19,819","25,926","32,721","38,480","48,394","52,090","62,222","69,052","103,405","147,375","204,885","299,681","388,222","458,614","483,878",5006097,50,6097,
Sonoma,Cloverdale,1872,,,,430,763,750,823,718,759,809,"1,292","2,848","3,251","3,989","4,924","6,831","8,618",1550609714190,155,6097,14190
Sonoma,Cotati,1963,,,,,,,,,,,,,"1,368","3,346","5,714","6,471","7,265",1550609716560,155,6097,16560
Sonoma,Healdsburg,1867,,,959,"1,133","1,485","1,869","2,011","2,412","2,296","2,507","3,258","4,816","5,438","7,217","9,469","10,722","11,254",1550609733056,155,6097,33056
Sonoma,Petaluma,1858,,"1,505",n/a,"3,326","3,692","3,871","5,880","6,226","8,245","8,034","10,315","14,035","24,870","33,834","43,184","54,548","57,941",1550609756784,155,6097,56784
Sonoma,Rohnert Park,1962,,,,,,,,,,,,,"6,133","22,965","36,326","42,236","40,971",1550609762546,155,6097,62546
Sonoma,Santa Rosa,1868,,,"2,898","3,616","5,220","6,673","7,817","8,758","10,636","12,605","17,902","31,027","50,006","82,658","113,313","147,595","167,815",1550609770098,155,6097,70098
Sonoma,Sebastopol,1902,,,,,,,"1,233","1,493","1,762","1,856","2,601","2,694","3,993","5,595","7,004","7,774","7,379",1550609770770,155,6097,70770
Sonoma,Sonoma,1883,,,,,757,652,957,801,980,"1,158","2,015","3,023","4,112","6,054","8,121","9,128","10,648",1550609772646,155,6097,72646
Sonoma,Windsor,1992,,,,,,,,,,,,,,,,"22,744","26,801",1550609785922,155,6097,85922
,,,,,,,,,,,,,,,,,,,,,,,
Stanislaus,,1854,,"2,245","6,499","8,751","10,040","9,550","22,522","43,557","56,641","74,866","127,231","157,294","194,506","265,900","370,522","446,997","514,453",5006099,50,6099,
Stanislaus,Ceres,1918,,,,,,,,637,981,"1,332","2,351","4,406","6,029","13,281","26,314","34,609","45,417",1550609912524,155,6099,12524
Stanislaus,Hughson,1972,,,,,,,,,,,,,,"2,943","3,259","3,980","6,640",1550609934904,155,6099,34904
Stanislaus,Modesto,1884,,,,,"2,402","2,024","4,034","9,241","13,842","16,379","17,389","36,585","61,712","106,963","164,730","188,856","201,165",1550609948354,155,6099,48354
Stanislaus,Newman,1908,,,,,,,892,"1,251","1,269","1,214","1,815","2,148","2,505","2,785","4,151","7,093","10,224",1550609951140,155,6099,51140
Stanislaus,Oakdale,1906,,,,,,,"1,035","1,745","2,112","2,592","4,064","4,980","6,594","8,474","11,961","15,503","20,675",1550609952694,155,6099,52694
Stanislaus,Patterson,1919,,,,,,,,694,905,"1,109","1,343","2,246","3,147","3,908","8,626","11,606","20,413",1550609956112,155,6099,56112
Stanislaus,Riverbank,1922,,,,,,,,,803,"1,130","2,662","2,786","3,949","5,695","8,547","15,826","22,678",1550609961068,155,6099,61068
Stanislaus,Turlock,1908,,,,,,,"1,573","3,394","4,276","4,839","6,235","9,116","13,992","26,287","42,198","55,810","68,549",1550609980812,155,6099,80812
Stanislaus,Waterford,1969,,,,,,,,,,,,,"2,243","2,683","4,771","6,924","8,456",1550609983612,155,6099,83612
,,,,,,,,,,,,,,,,,,,,,,,
Sutter,,1850,"3,444","3,390","5,030","5,159","5,469","5,886","6,328","10,115","14,618","18,680","26,239","33,380","41,935","52,246","64,415","78,930","94,737",5006101,50,6101,
Sutter,Live Oak,1947,,,,,,,,,,,"1,770","2,276","2,645","3,103","4,320","6,229","8,392",1550610141936,155,6101,41936
Sutter,Yuba City,1908,,,,,,,"1,160","1,708","3,605","4,968","7,861","11,507","13,986","18,736","27,437","36,758","64,925",1550610186972,155,6101,86972
,,,,,,,,,,,,,,,,,,,,,,,
Tehama,,1856,,"4,044","3,587","9,301","9,916","10,996","11,401","12,882","13,866","14,316","19,276","25,305","29,517","38,888","49,625","56,039","63,463",5006103,50,6103,
Tehama,Corning,1907,,,,,,,972,"1,449","1,377","1,472","2,537","3,006","3,573","4,745","5,870","6,741","7,663",1550610316322,155,6103,16322
Tehama,Red Bluff,1876,,,,"2,106","2,608","2,750","3,530","3,104","3,517","3,824","4,905","7,202","7,676","9,490","12,363","13,147","14,076",1550610359892,155,6103,59892
Tehama,Tehama,1906,,,,,,,221,196,190,175,314,261,317,365,401,432,418,1550610378106,155,6103,78106
,,,,,,,,,,,,,,,,,,,,,,,
Trinity,,1850,"1,635","5,125","3,213","4,999","3,719","4,383","3,301","2,551","2,809","3,970","5,087","9,706","7,615","11,858","13,063","13,022","13,786",5006105,50,6105,
,,,,,,,,,,,,,,,,,,,,,,,
Tulare,,1852,,"4,638","4,533","11,281","24,574","18,375","35,440","59,031","77,442","107,152","149,264","168,403","188,322","245,738","311,921","368,021","442,179",5006107,50,6107,
Tulare,Dinuba,1906,,,,,,,970,"3,400","2,968","3,790","4,971","6,103","7,917","9,907","12,743","16,844","21,453",1550610719318,155,6107,19318
Tulare,Exeter,1911,,,,,,,,"1,852","2,685","3,883","4,078","4,264","4,475","5,606","7,276","9,168","10,334",1550610723126,155,6107,23126
Tulare,Farmersville,1960,,,,,,,,,,,,,"3,456","5,544","6,235","8,737","10,588",1550610723616,155,6107,23616
Tulare,Lindsay,1910,,,,,,,"1,814","2,576","3,878","4,397","5,060","5,397","5,206","6,936","8,338","10,297","11,768",1550610741712,155,6107,41712
Tulare,Porterville,1902,,,,,,,"2,696","4,097","5,303","6,270","6,904","7,991","12,602","19,707","29,563","39,615","54,165",1550610758240,155,6107,58240
Tulare,Tulare,1888,,,,,"2,697","2,216","2,758","3,539","6,207","8,259","12,445","13,824","16,235","22,530","33,249","43,994","59,278",1550610780644,155,6107,80644
Tulare,Visalia,1874,,,,"1,412","2,885","3,085","4,550","5,753","7,263","8,904","11,749","15,791","27,268","49,729","75,636","91,877","124,442",1550610782954,155,6107,82954
Tulare,Woodlake,1941,,,,,,,,,,,"2,525","2,623","3,371","4,343","5,678","6,651","7,279",1550610786300,155,6107,86300
,,,,,,,,,,,,,,,,,,,,,,,
Tuolumne,,1850,"8,351","16,229","8,150","7,848","6,082","11,166","9,979","7,768","9,271","10,887","12,584","14,404","22,169","33,928","48,456","54,504","55,365",5006109,50,6109,
Tuolumne,Columbia,"i. ~1855/ 
d.1870",,"2,062","1,123",,,,,,,,,,,,,,,15506109XXXXX,155,6109,XXXXX
Tuolumne,Sonora,1851,,"1,960","1,322","1,492","1,441","1,922","2,029","1,684","2,278","2,257","2,448","2,725","3,100","3,247","4,153","4,423","4,903",1550610972674,155,6109,72674
,,,,,,,,,,,,,,,,,,,,,,,
Ventura,,1872,,,,"5,073","10,071","14,367","18,347","28,724","54,976","69,685","114,647","199,138","378,497","529,174","669,016","753,197","823,318",5006111,50,6111,
Ventura,Camarillo,1964,,,,,,,,,,,,,"19,219","37,797","52,303","57,077","65,201",1550611110046,155,6111,10046
Ventura,Fillmore,1914,,,,,,,,"1,597","2,893","3,252","3,884","4,808","6,285","9,602","11,992","13,643","15,002",1550611124092,155,6111,24092
Ventura,Moorpark,1983,,,,,,,,,,,,,,,"25,494","31,415","34,421",1550611149138,155,6111,49138
Ventura,Ojai,1921,,,,,,,,,"1,468","1,622","2,519","4,495","5,591","6,816","7,613","7,862","7,461",1550611153476,155,6111,53476
Ventura,Oxnard,1903,,,,,,,"2,555","4,417","6,285","8,519","21,567","40,265","71,225","108,195","142,216","170,358","197,899",1550611154652,155,6111,54652
Ventura,Port Hueneme,1948,,,,,,,,,,,"3,024","11,067","14,295","17,803","20,319","21,845","21,723",1550611158296,155,6111,58296
Ventura,Santa Paula,1902,,,,,,,"2,216","3,967","7,452","8,986","11,049","13,279","18,001","20,658","25,062","28,598","29,321",1550611170042,155,6111,70042
Ventura,Simi Valley,1969,,,,,,,,,,,,,"59,832","77,500","100,217","111,351","124,237",1550611172016,155,6111,72016
Ventura,Thousand Oaks,1964,,,,,,,,,,,,,"35,873","77,072","104,352","117,005","126,683",1550611178582,155,6111,78582
Ventura,Ventura,1866,,,n/a,"1,370","2,320","2,470","2,901","4,156","11,603","13,264","16,534","29,114","57,964","73,774","92,575","100,916","106,433",1550611165042,155,6112,65042
,,,,,,,,,,,,,,,,,,,,,,,
Yolo,,1850,"1,086","4,716","9,899","11,772","12,684","13,618","13,926","17,105","23,644","27,243","40,640","65,727","91,788","113,374","141,092","168,660","200,849",5006113,50,6113,
Yolo,Davis,1917,,,,,,,,939,"1,243","1,672","3,554","8,910","23,488","36,640","46,209","60,308","65,622",1550611318100,155,6113,18100
Yolo,West Sacramento,1987,,,,,,,,,,,,,,,"28,898","31,615","48,744",1550611384816,155,6113,84816
Yolo,Winters,1898,,,,,,785,910,903,896,"1,133","1,265","1,700","2,419","2,652","4,639","6,125","6,624",1550611386034,155,6113,86034
Yolo,Woodland,1871,,,,"2,257","3,069","2,886","3,187","4,147","5,542","6,637","9,386","13,524","20,677","30,235","39,802","49,151","55,468",1550611386328,155,6113,86328
,,,,,,,,,,,,,,,,,,,,,,,
Yuba,,1850,"9,673","13,668","10,851","11,284","9,636","8,620","10,042","10,375","11,331","17,034","24,420","33,859","44,736","49,733","58,228","60,219","72,155",5006115,50,6115,
Yuba,Marysville,1851,,"4,740","4,738","4,321","3,991","3,497","5,430","5,461","5,763","6,646","7,826","9,553","9,353","9,898","12,324","12,268","12,072",1550611546170,155,6115,46170
Yuba,Wheatland,1874,,,,635,630,492,481,435,479,496,581,813,"1,280","1,474","1,631","2,275","3,456",1550611585012,155,6115,85012
,,,,,,,,,,,,,,,,,,,,,,,
n/a - Data could not be found in historical census publications.,,,,,,,,,,,,,,,,,,,,,,,
"(1)  City incorporation or county formation date.  Some cities or counties formed, but later were disincorporated and then reincorporated.  These dates are flagged with:",,,,,,,,,,,,,,,,,,,,,,,
"      ""I""- original incorporation ""d""- disincorporation ""ri""- reincorporation. ",,,,,,,,,,,,,,,,,,,,,,,
"(2)  The state total for 1890 includes the population of Indian reservations (5,268) specially enumerated in 1890, not distributed by counties.",,,,,,,,,,,,,,,,,,,,,,,
(3)  City was disincorporated at this time.,,,,,,,,,,,,,,,,,,,,,,,
(4)  Census 2000 counts include changes from the Count Question Resolution program.  Data may not match data published in Census 2000 reports.,,,,,,,,,,,,,,,,,,,,,,,
,,,,,,,,,,,,,,,,,,,,,,,
,,,,,,,,,,,,,,,,,,,,,,,
Produced by:,California State Data Center,,,,,,,,,,,,,,,,,,,,,,
,Demographic Research Unit,,,,,,,,,,,,,,,,,,,,,,
,Department of Finance,,,,,,,,,,,,,,,,,,,,,,
,www.dof.ca.gov/research/demographic/,,,,,,,,,,,,,,,,,,,,,,
,916-323-4086,,,,,,,,,,,,,,,,,,,,,,